m,TagName,
"2008-07-01 00:00:00","c#","3"
"2008-08-01 00:00:00","ruby","70"
"2008-08-01 00:00:00","perl","28"
"2008-08-01 00:00:00","python","119"
"2008-08-01 00:00:00","delphi","13"
"2008-08-01 00:00:00","c#","503"
"2008-08-01 00:00:00","java","222"
"2008-08-01 00:00:00","javascript","163"
"2008-08-01 00:00:00","php","157"
"2008-08-01 00:00:00","assembly","8"
"2008-08-01 00:00:00","c","83"
"2008-08-01 00:00:00","c++","164"
"2008-09-01 00:00:00","php","474"
"2008-09-01 00:00:00","ruby","286"
"2008-09-01 00:00:00","c","320"
"2008-09-01 00:00:00","r","6"
"2008-09-01 00:00:00","assembly","28"
"2008-09-01 00:00:00","perl","130"
"2008-09-01 00:00:00","java","1129"
"2008-09-01 00:00:00","c++","755"
"2008-09-01 00:00:00","python","536"
"2008-09-01 00:00:00","c#","1639"
"2008-09-01 00:00:00","delphi","104"
"2008-09-01 00:00:00","javascript","634"
"2008-10-01 00:00:00","c","303"
"2008-10-01 00:00:00","javascript","722"
"2008-10-01 00:00:00","c#","1987"
"2008-10-01 00:00:00","perl","128"
"2008-10-01 00:00:00","ruby","246"
"2008-10-01 00:00:00","python","506"
"2008-10-01 00:00:00","c++","807"
"2008-10-01 00:00:00","assembly","16"
"2008-10-01 00:00:00","php","604"
"2008-10-01 00:00:00","delphi","112"
"2008-10-01 00:00:00","java","1148"
"2008-11-01 00:00:00","ruby","157"
"2008-11-01 00:00:00","php","497"
"2008-11-01 00:00:00","c++","734"
"2008-11-01 00:00:00","assembly","16"
"2008-11-01 00:00:00","c#","1729"
"2008-11-01 00:00:00","r","1"
"2008-11-01 00:00:00","delphi","140"
"2008-11-01 00:00:00","perl","97"
"2008-11-01 00:00:00","javascript","580"
"2008-11-01 00:00:00","java","954"
"2008-11-01 00:00:00","python","448"
"2008-11-01 00:00:00","c","258"
"2008-12-01 00:00:00","assembly","17"
"2008-12-01 00:00:00","delphi","133"
"2008-12-01 00:00:00","perl","133"
"2008-12-01 00:00:00","ruby","159"
"2008-12-01 00:00:00","c++","630"
"2008-12-01 00:00:00","c","188"
"2008-12-01 00:00:00","python","437"
"2008-12-01 00:00:00","javascript","625"
"2008-12-01 00:00:00","php","474"
"2008-12-01 00:00:00","java","825"
"2008-12-01 00:00:00","c#","1594"
"2008-12-01 00:00:00","r","1"
"2009-01-01 00:00:00","assembly","22"
"2009-01-01 00:00:00","perl","146"
"2009-01-01 00:00:00","java","1146"
"2009-01-01 00:00:00","ruby","205"
"2009-01-01 00:00:00","c++","846"
"2009-01-01 00:00:00","javascript","789"
"2009-01-01 00:00:00","c#","2374"
"2009-01-01 00:00:00","c","317"
"2009-01-01 00:00:00","r","8"
"2009-01-01 00:00:00","swift","1"
"2009-01-01 00:00:00","python","631"
"2009-01-01 00:00:00","delphi","164"
"2009-01-01 00:00:00","php","627"
"2009-02-01 00:00:00","php","753"
"2009-02-01 00:00:00","ruby","286"
"2009-02-01 00:00:00","swift","1"
"2009-02-01 00:00:00","python","630"
"2009-02-01 00:00:00","c#","2596"
"2009-02-01 00:00:00","assembly","36"
"2009-02-01 00:00:00","c","331"
"2009-02-01 00:00:00","c++","841"
"2009-02-01 00:00:00","perl","163"
"2009-02-01 00:00:00","r","8"
"2009-02-01 00:00:00","delphi","167"
"2009-02-01 00:00:00","javascript","945"
"2009-02-01 00:00:00","java","1202"
"2009-03-01 00:00:00","javascript","1007"
"2009-03-01 00:00:00","swift","1"
"2009-03-01 00:00:00","perl","137"
"2009-03-01 00:00:00","java","1427"
"2009-03-01 00:00:00","python","764"
"2009-03-01 00:00:00","delphi","161"
"2009-03-01 00:00:00","c#","3156"
"2009-03-01 00:00:00","c++","1046"
"2009-03-01 00:00:00","php","893"
"2009-03-01 00:00:00","assembly","24"
"2009-03-01 00:00:00","r","4"
"2009-03-01 00:00:00","c","429"
"2009-03-01 00:00:00","ruby","329"
"2009-04-01 00:00:00","java","1528"
"2009-04-01 00:00:00","ruby","358"
"2009-04-01 00:00:00","r","12"
"2009-04-01 00:00:00","javascript","1047"
"2009-04-01 00:00:00","c#","3303"
"2009-04-01 00:00:00","python","770"
"2009-04-01 00:00:00","c","455"
"2009-04-01 00:00:00","c++","1016"
"2009-04-01 00:00:00","assembly","50"
"2009-04-01 00:00:00","delphi","185"
"2009-04-01 00:00:00","perl","161"
"2009-04-01 00:00:00","php","955"
"2009-05-01 00:00:00","php","1166"
"2009-05-01 00:00:00","r","2"
"2009-05-01 00:00:00","assembly","46"
"2009-05-01 00:00:00","java","1813"
"2009-05-01 00:00:00","python","995"
"2009-05-01 00:00:00","swift","2"
"2009-05-01 00:00:00","ruby","401"
"2009-05-01 00:00:00","c","481"
"2009-05-01 00:00:00","delphi","202"
"2009-05-01 00:00:00","c#","3548"
"2009-05-01 00:00:00","perl","196"
"2009-05-01 00:00:00","c++","1214"
"2009-05-01 00:00:00","javascript","1429"
"2009-06-01 00:00:00","delphi","221"
"2009-06-01 00:00:00","javascript","1550"
"2009-06-01 00:00:00","perl","246"
"2009-06-01 00:00:00","python","1042"
"2009-06-01 00:00:00","r","5"
"2009-06-01 00:00:00","assembly","48"
"2009-06-01 00:00:00","c#","3880"
"2009-06-01 00:00:00","ruby","431"
"2009-06-01 00:00:00","java","2110"
"2009-06-01 00:00:00","c++","1250"
"2009-06-01 00:00:00","php","1568"
"2009-06-01 00:00:00","c","498"
"2009-07-01 00:00:00","delphi","269"
"2009-07-01 00:00:00","c++","1464"
"2009-07-01 00:00:00","r","50"
"2009-07-01 00:00:00","c","538"
"2009-07-01 00:00:00","java","2252"
"2009-07-01 00:00:00","perl","256"
"2009-07-01 00:00:00","javascript","1752"
"2009-07-01 00:00:00","php","2006"
"2009-07-01 00:00:00","ruby","499"
"2009-07-01 00:00:00","assembly","32"
"2009-07-01 00:00:00","c#","4402"
"2009-07-01 00:00:00","python","1157"
"2009-08-01 00:00:00","r","47"
"2009-08-01 00:00:00","c#","4443"
"2009-08-01 00:00:00","c","530"
"2009-08-01 00:00:00","ruby","484"
"2009-08-01 00:00:00","delphi","246"
"2009-08-01 00:00:00","php","2168"
"2009-08-01 00:00:00","c++","1398"
"2009-08-01 00:00:00","python","1131"
"2009-08-01 00:00:00","assembly","48"
"2009-08-01 00:00:00","swift","3"
"2009-08-01 00:00:00","javascript","1856"
"2009-08-01 00:00:00","java","2184"
"2009-08-01 00:00:00","perl","248"
"2009-09-01 00:00:00","r","138"
"2009-09-01 00:00:00","javascript","1756"
"2009-09-01 00:00:00","ruby","477"
"2009-09-01 00:00:00","perl","249"
"2009-09-01 00:00:00","delphi","251"
"2009-09-01 00:00:00","c#","4346"
"2009-09-01 00:00:00","php","2247"
"2009-09-01 00:00:00","python","1169"
"2009-09-01 00:00:00","swift","3"
"2009-09-01 00:00:00","c++","1460"
"2009-09-01 00:00:00","assembly","62"
"2009-09-01 00:00:00","c","572"
"2009-09-01 00:00:00","java","2257"
"2009-10-01 00:00:00","javascript","2046"
"2009-10-01 00:00:00","perl","282"
"2009-10-01 00:00:00","c","775"
"2009-10-01 00:00:00","python","1417"
"2009-10-01 00:00:00","delphi","254"
"2009-10-01 00:00:00","c++","1683"
"2009-10-01 00:00:00","ruby","492"
"2009-10-01 00:00:00","php","2339"
"2009-10-01 00:00:00","c#","4721"
"2009-10-01 00:00:00","swift","1"
"2009-10-01 00:00:00","java","2498"
"2009-10-01 00:00:00","r","73"
"2009-10-01 00:00:00","assembly","73"
"2009-11-01 00:00:00","javascript","2233"
"2009-11-01 00:00:00","c","956"
"2009-11-01 00:00:00","r","94"
"2009-11-01 00:00:00","delphi","274"
"2009-11-01 00:00:00","php","2666"
"2009-11-01 00:00:00","perl","322"
"2009-11-01 00:00:00","java","2757"
"2009-11-01 00:00:00","go","65"
"2009-11-01 00:00:00","swift","3"
"2009-11-01 00:00:00","c++","1745"
"2009-11-01 00:00:00","assembly","82"
"2009-11-01 00:00:00","c#","4676"
"2009-11-01 00:00:00","python","1552"
"2009-11-01 00:00:00","ruby","654"
"2009-12-01 00:00:00","perl","261"
"2009-12-01 00:00:00","python","1585"
"2009-12-01 00:00:00","php","2803"
"2009-12-01 00:00:00","assembly","62"
"2009-12-01 00:00:00","go","11"
"2009-12-01 00:00:00","c++","1651"
"2009-12-01 00:00:00","r","80"
"2009-12-01 00:00:00","c#","4482"
"2009-12-01 00:00:00","swift","1"
"2009-12-01 00:00:00","ruby","571"
"2009-12-01 00:00:00","java","2683"
"2009-12-01 00:00:00","c","848"
"2009-12-01 00:00:00","delphi","282"
"2009-12-01 00:00:00","javascript","2305"
"2010-01-01 00:00:00","r","94"
"2010-01-01 00:00:00","c","978"
"2010-01-01 00:00:00","javascript","2625"
"2010-01-01 00:00:00","python","1935"
"2010-01-01 00:00:00","assembly","100"
"2010-01-01 00:00:00","c#","5111"
"2010-01-01 00:00:00","php","3405"
"2010-01-01 00:00:00","go","15"
"2010-01-01 00:00:00","c++","1994"
"2010-01-01 00:00:00","ruby","682"
"2010-01-01 00:00:00","perl","300"
"2010-01-01 00:00:00","java","3721"
"2010-01-01 00:00:00","delphi","303"
"2010-02-01 00:00:00","python","1861"
"2010-02-01 00:00:00","ruby","688"
"2010-02-01 00:00:00","swift","2"
"2010-02-01 00:00:00","delphi","283"
"2010-02-01 00:00:00","javascript","2638"
"2010-02-01 00:00:00","assembly","69"
"2010-02-01 00:00:00","c#","5093"
"2010-02-01 00:00:00","r","122"
"2010-02-01 00:00:00","c","1033"
"2010-02-01 00:00:00","java","3576"
"2010-02-01 00:00:00","c++","2276"
"2010-02-01 00:00:00","go","7"
"2010-02-01 00:00:00","php","3142"
"2010-02-01 00:00:00","perl","347"
"2010-03-01 00:00:00","php","3714"
"2010-03-01 00:00:00","c++","2431"
"2010-03-01 00:00:00","c","1113"
"2010-03-01 00:00:00","c#","6025"
"2010-03-01 00:00:00","perl","390"
"2010-03-01 00:00:00","r","139"
"2010-03-01 00:00:00","go","8"
"2010-03-01 00:00:00","assembly","123"
"2010-03-01 00:00:00","python","2070"
"2010-03-01 00:00:00","swift","1"
"2010-03-01 00:00:00","javascript","2987"
"2010-03-01 00:00:00","delphi","317"
"2010-03-01 00:00:00","ruby","693"
"2010-03-01 00:00:00","java","4438"
"2010-04-01 00:00:00","perl","363"
"2010-04-01 00:00:00","c++","2487"
"2010-04-01 00:00:00","python","1806"
"2010-04-01 00:00:00","r","160"
"2010-04-01 00:00:00","delphi","270"
"2010-04-01 00:00:00","swift","2"
"2010-04-01 00:00:00","c","1181"
"2010-04-01 00:00:00","ruby","752"
"2010-04-01 00:00:00","javascript","3011"
"2010-04-01 00:00:00","c#","5773"
"2010-04-01 00:00:00","java","3874"
"2010-04-01 00:00:00","php","3621"
"2010-04-01 00:00:00","go","10"
"2010-04-01 00:00:00","assembly","124"
"2010-05-01 00:00:00","assembly","108"
"2010-05-01 00:00:00","javascript","3233"
"2010-05-01 00:00:00","ruby","775"
"2010-05-01 00:00:00","delphi","280"
"2010-05-01 00:00:00","perl","286"
"2010-05-01 00:00:00","java","4165"
"2010-05-01 00:00:00","php","3951"
"2010-05-01 00:00:00","go","17"
"2010-05-01 00:00:00","python","2008"
"2010-05-01 00:00:00","c#","5924"
"2010-05-01 00:00:00","swift","1"
"2010-05-01 00:00:00","c++","2414"
"2010-05-01 00:00:00","c","1177"
"2010-05-01 00:00:00","r","139"
"2010-06-01 00:00:00","swift","3"
"2010-06-01 00:00:00","assembly","90"
"2010-06-01 00:00:00","r","176"
"2010-06-01 00:00:00","php","4064"
"2010-06-01 00:00:00","ruby","850"
"2010-06-01 00:00:00","c#","6138"
"2010-06-01 00:00:00","python","2202"
"2010-06-01 00:00:00","c++","2822"
"2010-06-01 00:00:00","java","4275"
"2010-06-01 00:00:00","go","15"
"2010-06-01 00:00:00","delphi","329"
"2010-06-01 00:00:00","javascript","3478"
"2010-06-01 00:00:00","c","1153"
"2010-06-01 00:00:00","perl","409"
"2010-07-01 00:00:00","go","8"
"2010-07-01 00:00:00","c++","2674"
"2010-07-01 00:00:00","c","1284"
"2010-07-01 00:00:00","delphi","333"
"2010-07-01 00:00:00","python","2583"
"2010-07-01 00:00:00","php","4567"
"2010-07-01 00:00:00","javascript","3877"
"2010-07-01 00:00:00","perl","435"
"2010-07-01 00:00:00","c#","6675"
"2010-07-01 00:00:00","java","4504"
"2010-07-01 00:00:00","r","233"
"2010-07-01 00:00:00","ruby","910"
"2010-07-01 00:00:00","swift","1"
"2010-07-01 00:00:00","assembly","97"
"2010-08-01 00:00:00","delphi","353"
"2010-08-01 00:00:00","php","5098"
"2010-08-01 00:00:00","java","4695"
"2010-08-01 00:00:00","swift","2"
"2010-08-01 00:00:00","r","283"
"2010-08-01 00:00:00","c++","2626"
"2010-08-01 00:00:00","python","2490"
"2010-08-01 00:00:00","c#","6953"
"2010-08-01 00:00:00","ruby","992"
"2010-08-01 00:00:00","assembly","86"
"2010-08-01 00:00:00","c","1364"
"2010-08-01 00:00:00","javascript","3999"
"2010-08-01 00:00:00","perl","545"
"2010-08-01 00:00:00","go","13"
"2010-09-01 00:00:00","assembly","117"
"2010-09-01 00:00:00","go","9"
"2010-09-01 00:00:00","r","236"
"2010-09-01 00:00:00","python","2247"
"2010-09-01 00:00:00","swift","2"
"2010-09-01 00:00:00","c","1371"
"2010-09-01 00:00:00","java","4704"
"2010-09-01 00:00:00","delphi","319"
"2010-09-01 00:00:00","javascript","4000"
"2010-09-01 00:00:00","ruby","935"
"2010-09-01 00:00:00","perl","460"
"2010-09-01 00:00:00","php","4661"
"2010-09-01 00:00:00","c++","2726"
"2010-09-01 00:00:00","c#","6408"
"2010-10-01 00:00:00","c++","2929"
"2010-10-01 00:00:00","assembly","123"
"2010-10-01 00:00:00","c#","6725"
"2010-10-01 00:00:00","go","13"
"2010-10-01 00:00:00","ruby","925"
"2010-10-01 00:00:00","java","5016"
"2010-10-01 00:00:00","delphi","361"
"2010-10-01 00:00:00","javascript","4106"
"2010-10-01 00:00:00","python","2669"
"2010-10-01 00:00:00","c","1438"
"2010-10-01 00:00:00","swift","1"
"2010-10-01 00:00:00","r","214"
"2010-10-01 00:00:00","perl","498"
"2010-10-01 00:00:00","php","4475"
"2010-11-01 00:00:00","c","1673"
"2010-11-01 00:00:00","delphi","389"
"2010-11-01 00:00:00","perl","464"
"2010-11-01 00:00:00","ruby","927"
"2010-11-01 00:00:00","assembly","164"
"2010-11-01 00:00:00","java","5586"
"2010-11-01 00:00:00","javascript","4542"
"2010-11-01 00:00:00","python","2602"
"2010-11-01 00:00:00","go","16"
"2010-11-01 00:00:00","php","5072"
"2010-11-01 00:00:00","swift","1"
"2010-11-01 00:00:00","c++","3364"
"2010-11-01 00:00:00","r","241"
"2010-11-01 00:00:00","c#","7308"
"2010-12-01 00:00:00","delphi","321"
"2010-12-01 00:00:00","c#","7095"
"2010-12-01 00:00:00","perl","501"
"2010-12-01 00:00:00","go","18"
"2010-12-01 00:00:00","python","2472"
"2010-12-01 00:00:00","java","5666"
"2010-12-01 00:00:00","c","1465"
"2010-12-01 00:00:00","swift","2"
"2010-12-01 00:00:00","ruby","1021"
"2010-12-01 00:00:00","javascript","4952"
"2010-12-01 00:00:00","assembly","125"
"2010-12-01 00:00:00","php","5352"
"2010-12-01 00:00:00","c++","3128"
"2010-12-01 00:00:00","r","223"
"2011-01-01 00:00:00","ruby","1201"
"2011-01-01 00:00:00","delphi","368"
"2011-01-01 00:00:00","c","1458"
"2011-01-01 00:00:00","java","6528"
"2011-01-01 00:00:00","python","2897"
"2011-01-01 00:00:00","r","249"
"2011-01-01 00:00:00","swift","4"
"2011-01-01 00:00:00","php","6378"
"2011-01-01 00:00:00","go","15"
"2011-01-01 00:00:00","perl","476"
"2011-01-01 00:00:00","javascript","5415"
"2011-01-01 00:00:00","c#","7975"
"2011-01-01 00:00:00","c++","3482"
"2011-01-01 00:00:00","assembly","133"
"2011-02-01 00:00:00","c#","8205"
"2011-02-01 00:00:00","perl","481"
"2011-02-01 00:00:00","swift","5"
"2011-02-01 00:00:00","delphi","358"
"2011-02-01 00:00:00","go","16"
"2011-02-01 00:00:00","javascript","5590"
"2011-02-01 00:00:00","c++","3434"
"2011-02-01 00:00:00","python","3006"
"2011-02-01 00:00:00","java","6851"
"2011-02-01 00:00:00","r","322"
"2011-02-01 00:00:00","php","6666"
"2011-02-01 00:00:00","ruby","1247"
"2011-02-01 00:00:00","assembly","147"
"2011-02-01 00:00:00","c","1632"
"2011-03-01 00:00:00","javascript","6755"
"2011-03-01 00:00:00","php","8039"
"2011-03-01 00:00:00","ruby","1636"
"2011-03-01 00:00:00","swift","3"
"2011-03-01 00:00:00","c","2107"
"2011-03-01 00:00:00","assembly","193"
"2011-03-01 00:00:00","r","422"
"2011-03-01 00:00:00","go","3"
"2011-03-01 00:00:00","java","8448"
"2011-03-01 00:00:00","c++","4165"
"2011-03-01 00:00:00","perl","604"
"2011-03-01 00:00:00","python","3741"
"2011-03-01 00:00:00","delphi","515"
"2011-03-01 00:00:00","c#","9965"
"2011-04-01 00:00:00","ruby","1475"
"2011-04-01 00:00:00","javascript","6869"
"2011-04-01 00:00:00","swift","3"
"2011-04-01 00:00:00","delphi","400"
"2011-04-01 00:00:00","python","3328"
"2011-04-01 00:00:00","c","2032"
"2011-04-01 00:00:00","java","7880"
"2011-04-01 00:00:00","perl","550"
"2011-04-01 00:00:00","go","7"
"2011-04-01 00:00:00","c#","9252"
"2011-04-01 00:00:00","php","7571"
"2011-04-01 00:00:00","c++","4160"
"2011-04-01 00:00:00","assembly","159"
"2011-04-01 00:00:00","r","474"
"2011-05-01 00:00:00","javascript","7286"
"2011-05-01 00:00:00","perl","581"
"2011-05-01 00:00:00","php","8034"
"2011-05-01 00:00:00","go","36"
"2011-05-01 00:00:00","assembly","158"
"2011-05-01 00:00:00","swift","1"
"2011-05-01 00:00:00","java","8524"
"2011-05-01 00:00:00","c++","3863"
"2011-05-01 00:00:00","ruby","1563"
"2011-05-01 00:00:00","c","1820"
"2011-05-01 00:00:00","python","3510"
"2011-05-01 00:00:00","delphi","472"
"2011-05-01 00:00:00","c#","9963"
"2011-05-01 00:00:00","r","425"
"2011-06-01 00:00:00","c","1760"
"2011-06-01 00:00:00","javascript","7655"
"2011-06-01 00:00:00","c++","3797"
"2011-06-01 00:00:00","r","442"
"2011-06-01 00:00:00","assembly","139"
"2011-06-01 00:00:00","python","3458"
"2011-06-01 00:00:00","swift","4"
"2011-06-01 00:00:00","go","34"
"2011-06-01 00:00:00","delphi","453"
"2011-06-01 00:00:00","perl","567"
"2011-06-01 00:00:00","ruby","1554"
"2011-06-01 00:00:00","php","7974"
"2011-06-01 00:00:00","java","7860"
"2011-06-01 00:00:00","c#","9714"
"2011-07-01 00:00:00","delphi","427"
"2011-07-01 00:00:00","assembly","140"
"2011-07-01 00:00:00","python","3648"
"2011-07-01 00:00:00","javascript","8074"
"2011-07-01 00:00:00","perl","658"
"2011-07-01 00:00:00","c","1655"
"2011-07-01 00:00:00","swift","12"
"2011-07-01 00:00:00","go","26"
"2011-07-01 00:00:00","r","453"
"2011-07-01 00:00:00","ruby","1577"
"2011-07-01 00:00:00","c++","3845"
"2011-07-01 00:00:00","php","8583"
"2011-07-01 00:00:00","java","8119"
"2011-07-01 00:00:00","c#","9555"
"2011-08-01 00:00:00","c","1823"
"2011-08-01 00:00:00","swift","8"
"2011-08-01 00:00:00","ruby","1847"
"2011-08-01 00:00:00","perl","609"
"2011-08-01 00:00:00","delphi","422"
"2011-08-01 00:00:00","python","3814"
"2011-08-01 00:00:00","c#","9999"
"2011-08-01 00:00:00","r","586"
"2011-08-01 00:00:00","php","8829"
"2011-08-01 00:00:00","java","8630"
"2011-08-01 00:00:00","assembly","159"
"2011-08-01 00:00:00","go","40"
"2011-08-01 00:00:00","javascript","8862"
"2011-08-01 00:00:00","c++","3942"
"2011-09-01 00:00:00","c#","9236"
"2011-09-01 00:00:00","r","612"
"2011-09-01 00:00:00","ruby","1541"
"2011-09-01 00:00:00","delphi","413"
"2011-09-01 00:00:00","java","8276"
"2011-09-01 00:00:00","swift","6"
"2011-09-01 00:00:00","go","26"
"2011-09-01 00:00:00","php","7979"
"2011-09-01 00:00:00","python","3507"
"2011-09-01 00:00:00","assembly","154"
"2011-09-01 00:00:00","perl","500"
"2011-09-01 00:00:00","c","1915"
"2011-09-01 00:00:00","c++","3922"
"2011-09-01 00:00:00","javascript","8134"
"2011-10-01 00:00:00","swift","6"
"2011-10-01 00:00:00","perl","554"
"2011-10-01 00:00:00","php","7958"
"2011-10-01 00:00:00","go","39"
"2011-10-01 00:00:00","c++","4331"
"2011-10-01 00:00:00","java","8495"
"2011-10-01 00:00:00","delphi","463"
"2011-10-01 00:00:00","javascript","7971"
"2011-10-01 00:00:00","python","3599"
"2011-10-01 00:00:00","r","618"
"2011-10-01 00:00:00","c#","9149"
"2011-10-01 00:00:00","c","2137"
"2011-10-01 00:00:00","ruby","1600"
"2011-10-01 00:00:00","assembly","211"
"2011-11-01 00:00:00","r","605"
"2011-11-01 00:00:00","ruby","1731"
"2011-11-01 00:00:00","swift","4"
"2011-11-01 00:00:00","go","65"
"2011-11-01 00:00:00","java","9563"
"2011-11-01 00:00:00","c#","9835"
"2011-11-01 00:00:00","c++","4448"
"2011-11-01 00:00:00","c","2193"
"2011-11-01 00:00:00","perl","604"
"2011-11-01 00:00:00","php","8592"
"2011-11-01 00:00:00","delphi","504"
"2011-11-01 00:00:00","python","3853"
"2011-11-01 00:00:00","javascript","8598"
"2011-11-01 00:00:00","assembly","211"
"2011-12-01 00:00:00","go","52"
"2011-12-01 00:00:00","php","8250"
"2011-12-01 00:00:00","c","1998"
"2011-12-01 00:00:00","java","9109"
"2011-12-01 00:00:00","c#","9240"
"2011-12-01 00:00:00","delphi","570"
"2011-12-01 00:00:00","perl","538"
"2011-12-01 00:00:00","javascript","8263"
"2011-12-01 00:00:00","r","612"
"2011-12-01 00:00:00","swift","2"
"2011-12-01 00:00:00","assembly","228"
"2011-12-01 00:00:00","c++","4327"
"2011-12-01 00:00:00","python","3603"
"2011-12-01 00:00:00","ruby","1665"
"2012-01-01 00:00:00","php","9166"
"2012-01-01 00:00:00","ruby","1881"
"2012-01-01 00:00:00","c++","4510"
"2012-01-01 00:00:00","python","4175"
"2012-01-01 00:00:00","javascript","9524"
"2012-01-01 00:00:00","assembly","169"
"2012-01-01 00:00:00","java","10048"
"2012-01-01 00:00:00","r","690"
"2012-01-01 00:00:00","go","37"
"2012-01-01 00:00:00","perl","561"
"2012-01-01 00:00:00","delphi","509"
"2012-01-01 00:00:00","c","2214"
"2012-01-01 00:00:00","c#","10312"
"2012-01-01 00:00:00","swift","6"
"2012-02-01 00:00:00","java","10855"
"2012-02-01 00:00:00","c++","5071"
"2012-02-01 00:00:00","c#","10660"
"2012-02-01 00:00:00","ruby","2029"
"2012-02-01 00:00:00","php","9783"
"2012-02-01 00:00:00","swift","9"
"2012-02-01 00:00:00","assembly","229"
"2012-02-01 00:00:00","delphi","471"
"2012-02-01 00:00:00","javascript","9890"
"2012-02-01 00:00:00","r","811"
"2012-02-01 00:00:00","perl","613"
"2012-02-01 00:00:00","c","2391"
"2012-02-01 00:00:00","go","31"
"2012-02-01 00:00:00","python","4468"
"2012-03-01 00:00:00","c","2704"
"2012-03-01 00:00:00","go","47"
"2012-03-01 00:00:00","ruby","2172"
"2012-03-01 00:00:00","javascript","10605"
"2012-03-01 00:00:00","swift","4"
"2012-03-01 00:00:00","assembly","260"
"2012-03-01 00:00:00","java","12253"
"2012-03-01 00:00:00","php","10733"
"2012-03-01 00:00:00","r","887"
"2012-03-01 00:00:00","delphi","492"
"2012-03-01 00:00:00","c#","11465"
"2012-03-01 00:00:00","c++","5183"
"2012-03-01 00:00:00","perl","607"
"2012-03-01 00:00:00","python","4999"
"2012-04-01 00:00:00","assembly","275"
"2012-04-01 00:00:00","c++","5261"
"2012-04-01 00:00:00","delphi","481"
"2012-04-01 00:00:00","ruby","1950"
"2012-04-01 00:00:00","perl","598"
"2012-04-01 00:00:00","c#","10997"
"2012-04-01 00:00:00","php","10250"
"2012-04-01 00:00:00","javascript","10573"
"2012-04-01 00:00:00","swift","5"
"2012-04-01 00:00:00","python","4885"
"2012-04-01 00:00:00","r","837"
"2012-04-01 00:00:00","java","11905"
"2012-04-01 00:00:00","go","69"
"2012-04-01 00:00:00","c","2657"
"2012-05-01 00:00:00","java","12093"
"2012-05-01 00:00:00","c++","4958"
"2012-05-01 00:00:00","c#","11466"
"2012-05-01 00:00:00","php","10814"
"2012-05-01 00:00:00","r","873"
"2012-05-01 00:00:00","swift","7"
"2012-05-01 00:00:00","python","5060"
"2012-05-01 00:00:00","assembly","227"
"2012-05-01 00:00:00","perl","642"
"2012-05-01 00:00:00","go","69"
"2012-05-01 00:00:00","ruby","1959"
"2012-05-01 00:00:00","javascript","11434"
"2012-05-01 00:00:00","c","2469"
"2012-05-01 00:00:00","delphi","477"
"2012-06-01 00:00:00","delphi","417"
"2012-06-01 00:00:00","c++","4629"
"2012-06-01 00:00:00","php","10491"
"2012-06-01 00:00:00","c#","11282"
"2012-06-01 00:00:00","swift","4"
"2012-06-01 00:00:00","r","973"
"2012-06-01 00:00:00","assembly","200"
"2012-06-01 00:00:00","java","11064"
"2012-06-01 00:00:00","python","5259"
"2012-06-01 00:00:00","go","71"
"2012-06-01 00:00:00","ruby","1885"
"2012-06-01 00:00:00","perl","739"
"2012-06-01 00:00:00","c","2302"
"2012-06-01 00:00:00","javascript","11190"
"2012-07-01 00:00:00","java","12214"
"2012-07-01 00:00:00","go","76"
"2012-07-01 00:00:00","r","1117"
"2012-07-01 00:00:00","swift","9"
"2012-07-01 00:00:00","c#","12284"
"2012-07-01 00:00:00","c++","5260"
"2012-07-01 00:00:00","javascript","12296"
"2012-07-01 00:00:00","delphi","438"
"2012-07-01 00:00:00","c","2365"
"2012-07-01 00:00:00","python","5714"
"2012-07-01 00:00:00","php","11668"
"2012-07-01 00:00:00","perl","666"
"2012-07-01 00:00:00","assembly","201"
"2012-07-01 00:00:00","ruby","2058"
"2012-08-01 00:00:00","assembly","189"
"2012-08-01 00:00:00","delphi","403"
"2012-08-01 00:00:00","c#","11927"
"2012-08-01 00:00:00","r","1087"
"2012-08-01 00:00:00","perl","760"
"2012-08-01 00:00:00","go","72"
"2012-08-01 00:00:00","php","11825"
"2012-08-01 00:00:00","javascript","12411"
"2012-08-01 00:00:00","c++","5155"
"2012-08-01 00:00:00","swift","5"
"2012-08-01 00:00:00","python","5853"
"2012-08-01 00:00:00","java","12227"
"2012-08-01 00:00:00","ruby","2057"
"2012-08-01 00:00:00","c","2313"
"2012-09-01 00:00:00","r","1057"
"2012-09-01 00:00:00","delphi","385"
"2012-09-01 00:00:00","c","2524"
"2012-09-01 00:00:00","javascript","11148"
"2012-09-01 00:00:00","go","129"
"2012-09-01 00:00:00","c++","4900"
"2012-09-01 00:00:00","python","5244"
"2012-09-01 00:00:00","java","11588"
"2012-09-01 00:00:00","swift","7"
"2012-09-01 00:00:00","assembly","221"
"2012-09-01 00:00:00","php","10923"
"2012-09-01 00:00:00","ruby","1953"
"2012-09-01 00:00:00","c#","11252"
"2012-09-01 00:00:00","perl","662"
"2012-10-01 00:00:00","swift","4"
"2012-10-01 00:00:00","c#","12698"
"2012-10-01 00:00:00","ruby","2255"
"2012-10-01 00:00:00","perl","682"
"2012-10-01 00:00:00","go","101"
"2012-10-01 00:00:00","python","6121"
"2012-10-01 00:00:00","java","13452"
"2012-10-01 00:00:00","javascript","12396"
"2012-10-01 00:00:00","c","3149"
"2012-10-01 00:00:00","assembly","314"
"2012-10-01 00:00:00","php","11701"
"2012-10-01 00:00:00","r","1266"
"2012-10-01 00:00:00","delphi","478"
"2012-10-01 00:00:00","c++","5897"
"2012-11-01 00:00:00","go","103"
"2012-11-01 00:00:00","r","1345"
"2012-11-01 00:00:00","javascript","12314"
"2012-11-01 00:00:00","c","3182"
"2012-11-01 00:00:00","ruby","2127"
"2012-11-01 00:00:00","c++","6262"
"2012-11-01 00:00:00","delphi","442"
"2012-11-01 00:00:00","c#","12217"
"2012-11-01 00:00:00","java","13568"
"2012-11-01 00:00:00","perl","636"
"2012-11-01 00:00:00","php","11698"
"2012-11-01 00:00:00","python","6385"
"2012-11-01 00:00:00","swift","4"
"2012-11-01 00:00:00","assembly","303"
"2012-12-01 00:00:00","r","1211"
"2012-12-01 00:00:00","javascript","11725"
"2012-12-01 00:00:00","python","5738"
"2012-12-01 00:00:00","delphi","428"
"2012-12-01 00:00:00","perl","551"
"2012-12-01 00:00:00","go","112"
"2012-12-01 00:00:00","c#","10939"
"2012-12-01 00:00:00","java","12388"
"2012-12-01 00:00:00","php","10982"
"2012-12-01 00:00:00","swift","4"
"2012-12-01 00:00:00","ruby","1902"
"2012-12-01 00:00:00","c++","5675"
"2012-12-01 00:00:00","c","2559"
"2012-12-01 00:00:00","assembly","263"
"2013-01-01 00:00:00","go","101"
"2013-01-01 00:00:00","php","12801"
"2013-01-01 00:00:00","c#","12735"
"2013-01-01 00:00:00","ruby","2302"
"2013-01-01 00:00:00","delphi","480"
"2013-01-01 00:00:00","python","6553"
"2013-01-01 00:00:00","java","13671"
"2013-01-01 00:00:00","assembly","294"
"2013-01-01 00:00:00","javascript","13751"
"2013-01-01 00:00:00","perl","659"
"2013-01-01 00:00:00","c++","6029"
"2013-01-01 00:00:00","c","2899"
"2013-01-01 00:00:00","r","1506"
"2013-01-01 00:00:00","swift","5"
"2013-02-01 00:00:00","delphi","447"
"2013-02-01 00:00:00","r","1656"
"2013-02-01 00:00:00","perl","745"
"2013-02-01 00:00:00","go","117"
"2013-02-01 00:00:00","javascript","13601"
"2013-02-01 00:00:00","swift","6"
"2013-02-01 00:00:00","c#","12469"
"2013-02-01 00:00:00","c++","6045"
"2013-02-01 00:00:00","assembly","324"
"2013-02-01 00:00:00","java","13653"
"2013-02-01 00:00:00","python","6721"
"2013-02-01 00:00:00","ruby","2209"
"2013-02-01 00:00:00","c","3086"
"2013-02-01 00:00:00","php","12454"
"2013-03-01 00:00:00","python","7595"
"2013-03-01 00:00:00","c","3419"
"2013-03-01 00:00:00","r","1845"
"2013-03-01 00:00:00","java","15858"
"2013-03-01 00:00:00","ruby","2555"
"2013-03-01 00:00:00","go","126"
"2013-03-01 00:00:00","php","14011"
"2013-03-01 00:00:00","perl","849"
"2013-03-01 00:00:00","assembly","367"
"2013-03-01 00:00:00","javascript","15242"
"2013-03-01 00:00:00","c#","14212"
"2013-03-01 00:00:00","delphi","524"
"2013-03-01 00:00:00","swift","5"
"2013-03-01 00:00:00","c++","7165"
"2013-04-01 00:00:00","ruby","2457"
"2013-04-01 00:00:00","javascript","15268"
"2013-04-01 00:00:00","python","7906"
"2013-04-01 00:00:00","php","13295"
"2013-04-01 00:00:00","r","1832"
"2013-04-01 00:00:00","swift","6"
"2013-04-01 00:00:00","go","125"
"2013-04-01 00:00:00","perl","837"
"2013-04-01 00:00:00","c++","7098"
"2013-04-01 00:00:00","c#","13849"
"2013-04-01 00:00:00","c","3516"
"2013-04-01 00:00:00","java","16165"
"2013-04-01 00:00:00","assembly","331"
"2013-04-01 00:00:00","delphi","509"
"2013-05-01 00:00:00","c#","13418"
"2013-05-01 00:00:00","assembly","301"
"2013-05-01 00:00:00","ruby","2336"
"2013-05-01 00:00:00","php","12981"
"2013-05-01 00:00:00","go","141"
"2013-05-01 00:00:00","javascript","15002"
"2013-05-01 00:00:00","c++","6809"
"2013-05-01 00:00:00","r","1777"
"2013-05-01 00:00:00","c","3184"
"2013-05-01 00:00:00","java","15208"
"2013-05-01 00:00:00","perl","901"
"2013-05-01 00:00:00","python","7786"
"2013-05-01 00:00:00","delphi","532"
"2013-05-01 00:00:00","swift","2"
"2013-06-01 00:00:00","r","1772"
"2013-06-01 00:00:00","c","2924"
"2013-06-01 00:00:00","swift","4"
"2013-06-01 00:00:00","java","13865"
"2013-06-01 00:00:00","delphi","474"
"2013-06-01 00:00:00","ruby","2219"
"2013-06-01 00:00:00","c++","6175"
"2013-06-01 00:00:00","php","12620"
"2013-06-01 00:00:00","go","175"
"2013-06-01 00:00:00","python","7575"
"2013-06-01 00:00:00","perl","826"
"2013-06-01 00:00:00","assembly","292"
"2013-06-01 00:00:00","c#","12743"
"2013-06-01 00:00:00","javascript","14546"
"2013-07-01 00:00:00","delphi","505"
"2013-07-01 00:00:00","perl","950"
"2013-07-01 00:00:00","r","1960"
"2013-07-01 00:00:00","php","14220"
"2013-07-01 00:00:00","ruby","2433"
"2013-07-01 00:00:00","c#","14123"
"2013-07-01 00:00:00","c","2996"
"2013-07-01 00:00:00","java","15118"
"2013-07-01 00:00:00","c++","6567"
"2013-07-01 00:00:00","swift","7"
"2013-07-01 00:00:00","javascript","16751"
"2013-07-01 00:00:00","go","200"
"2013-07-01 00:00:00","assembly","296"
"2013-07-01 00:00:00","python","8586"
"2013-08-01 00:00:00","python","7924"
"2013-08-01 00:00:00","r","1913"
"2013-08-01 00:00:00","go","207"
"2013-08-01 00:00:00","php","14194"
"2013-08-01 00:00:00","c#","13800"
"2013-08-01 00:00:00","c++","6231"
"2013-08-01 00:00:00","java","14990"
"2013-08-01 00:00:00","assembly","210"
"2013-08-01 00:00:00","ruby","2475"
"2013-08-01 00:00:00","javascript","16768"
"2013-08-01 00:00:00","delphi","449"
"2013-08-01 00:00:00","perl","831"
"2013-08-01 00:00:00","c","2998"
"2013-08-01 00:00:00","swift","4"
"2013-09-01 00:00:00","perl","682"
"2013-09-01 00:00:00","php","14135"
"2013-09-01 00:00:00","go","237"
"2013-09-01 00:00:00","javascript","17618"
"2013-09-01 00:00:00","ruby","2383"
"2013-09-01 00:00:00","swift","9"
"2013-09-01 00:00:00","python","7938"
"2013-09-01 00:00:00","java","16186"
"2013-09-01 00:00:00","c#","13705"
"2013-09-01 00:00:00","delphi","487"
"2013-09-01 00:00:00","c++","6519"
"2013-09-01 00:00:00","assembly","290"
"2013-09-01 00:00:00","r","1708"
"2013-09-01 00:00:00","c","3374"
"2013-10-01 00:00:00","r","2083"
"2013-10-01 00:00:00","c++","7940"
"2013-10-01 00:00:00","php","15200"
"2013-10-01 00:00:00","swift","10"
"2013-10-01 00:00:00","c#","15139"
"2013-10-01 00:00:00","go","211"
"2013-10-01 00:00:00","perl","813"
"2013-10-01 00:00:00","java","18630"
"2013-10-01 00:00:00","python","9453"
"2013-10-01 00:00:00","c","4218"
"2013-10-01 00:00:00","assembly","376"
"2013-10-01 00:00:00","ruby","2786"
"2013-10-01 00:00:00","javascript","19639"
"2013-10-01 00:00:00","delphi","519"
"2013-11-01 00:00:00","assembly","417"
"2013-11-01 00:00:00","c#","14520"
"2013-11-01 00:00:00","swift","5"
"2013-11-01 00:00:00","c++","8093"
"2013-11-01 00:00:00","ruby","2572"
"2013-11-01 00:00:00","delphi","459"
"2013-11-01 00:00:00","php","14755"
"2013-11-01 00:00:00","perl","820"
"2013-11-01 00:00:00","python","9459"
"2013-11-01 00:00:00","c","4259"
"2013-11-01 00:00:00","javascript","18398"
"2013-11-01 00:00:00","r","2181"
"2013-11-01 00:00:00","go","209"
"2013-11-01 00:00:00","java","18651"
"2013-12-01 00:00:00","c#","13574"
"2013-12-01 00:00:00","assembly","357"
"2013-12-01 00:00:00","ruby","2438"
"2013-12-01 00:00:00","javascript","17948"
"2013-12-01 00:00:00","c++","6980"
"2013-12-01 00:00:00","python","8418"
"2013-12-01 00:00:00","java","17372"
"2013-12-01 00:00:00","php","14305"
"2013-12-01 00:00:00","delphi","448"
"2013-12-01 00:00:00","swift","11"
"2013-12-01 00:00:00","go","240"
"2013-12-01 00:00:00","c","3490"
"2013-12-01 00:00:00","perl","763"
"2013-12-01 00:00:00","r","1904"
"2014-01-01 00:00:00","assembly","340"
"2014-01-01 00:00:00","perl","809"
"2014-01-01 00:00:00","java","18599"
"2014-01-01 00:00:00","php","16674"
"2014-01-01 00:00:00","swift","6"
"2014-01-01 00:00:00","go","300"
"2014-01-01 00:00:00","ruby","2756"
"2014-01-01 00:00:00","delphi","490"
"2014-01-01 00:00:00","c++","7667"
"2014-01-01 00:00:00","c","3721"
"2014-01-01 00:00:00","python","9814"
"2014-01-01 00:00:00","c#","15285"
"2014-01-01 00:00:00","javascript","21046"
"2014-01-01 00:00:00","r","2344"
"2014-02-01 00:00:00","swift","12"
"2014-02-01 00:00:00","perl","790"
"2014-02-01 00:00:00","python","9869"
"2014-02-01 00:00:00","delphi","489"
"2014-02-01 00:00:00","php","16416"
"2014-02-01 00:00:00","c++","7647"
"2014-02-01 00:00:00","r","2615"
"2014-02-01 00:00:00","ruby","2595"
"2014-02-01 00:00:00","c#","15069"
"2014-02-01 00:00:00","javascript","21077"
"2014-02-01 00:00:00","go","204"
"2014-02-01 00:00:00","assembly","373"
"2014-02-01 00:00:00","java","19158"
"2014-02-01 00:00:00","c","3962"
"2014-03-01 00:00:00","php","18182"
"2014-03-01 00:00:00","r","2795"
"2014-03-01 00:00:00","ruby","2945"
"2014-03-01 00:00:00","javascript","22556"
"2014-03-01 00:00:00","perl","907"
"2014-03-01 00:00:00","swift","5"
"2014-03-01 00:00:00","c#","16108"
"2014-03-01 00:00:00","python","11390"
"2014-03-01 00:00:00","assembly","450"
"2014-03-01 00:00:00","delphi","440"
"2014-03-01 00:00:00","go","254"
"2014-03-01 00:00:00","c","4540"
"2014-03-01 00:00:00","c++","8645"
"2014-03-01 00:00:00","java","21871"
"2014-04-01 00:00:00","c#","15237"
"2014-04-01 00:00:00","perl","820"
"2014-04-01 00:00:00","swift","4"
"2014-04-01 00:00:00","assembly","361"
"2014-04-01 00:00:00","javascript","21322"
"2014-04-01 00:00:00","delphi","390"
"2014-04-01 00:00:00","c","3983"
"2014-04-01 00:00:00","python","10711"
"2014-04-01 00:00:00","c++","8103"
"2014-04-01 00:00:00","java","20752"
"2014-04-01 00:00:00","php","17494"
"2014-04-01 00:00:00","r","2728"
"2014-04-01 00:00:00","go","340"
"2014-04-01 00:00:00","ruby","2741"
"2014-05-01 00:00:00","perl","794"
"2014-05-01 00:00:00","delphi","468"
"2014-05-01 00:00:00","python","9209"
"2014-05-01 00:00:00","ruby","2669"
"2014-05-01 00:00:00","assembly","329"
"2014-05-01 00:00:00","java","17869"
"2014-05-01 00:00:00","go","278"
"2014-05-01 00:00:00","r","2576"
"2014-05-01 00:00:00","swift","9"
"2014-05-01 00:00:00","php","14628"
"2014-05-01 00:00:00","javascript","19676"
"2014-05-01 00:00:00","c","3248"
"2014-05-01 00:00:00","c#","13832"
"2014-05-01 00:00:00","c++","6761"
"2014-06-01 00:00:00","r","2396"
"2014-06-01 00:00:00","java","15833"
"2014-06-01 00:00:00","python","8884"
"2014-06-01 00:00:00","ruby","2329"
"2014-06-01 00:00:00","c","2760"
"2014-06-01 00:00:00","delphi","413"
"2014-06-01 00:00:00","assembly","266"
"2014-06-01 00:00:00","perl","675"
"2014-06-01 00:00:00","go","288"
"2014-06-01 00:00:00","c#","12433"
"2014-06-01 00:00:00","javascript","18208"
"2014-06-01 00:00:00","c++","5640"
"2014-06-01 00:00:00","swift","2383"
"2014-06-01 00:00:00","php","12895"
"2014-07-01 00:00:00","r","2631"
"2014-07-01 00:00:00","python","9887"
"2014-07-01 00:00:00","swift","1632"
"2014-07-01 00:00:00","go","450"
"2014-07-01 00:00:00","assembly","215"
"2014-07-01 00:00:00","javascript","20039"
"2014-07-01 00:00:00","c++","6253"
"2014-07-01 00:00:00","java","17296"
"2014-07-01 00:00:00","c","2821"
"2014-07-01 00:00:00","perl","732"
"2014-07-01 00:00:00","php","14181"
"2014-07-01 00:00:00","c#","13628"
"2014-07-01 00:00:00","delphi","444"
"2014-07-01 00:00:00","ruby","2551"
"2014-08-01 00:00:00","assembly","183"
"2014-08-01 00:00:00","java","15682"
"2014-08-01 00:00:00","javascript","18371"
"2014-08-01 00:00:00","c#","12450"
"2014-08-01 00:00:00","python","9092"
"2014-08-01 00:00:00","r","2468"
"2014-08-01 00:00:00","c","2669"
"2014-08-01 00:00:00","swift","1689"
"2014-08-01 00:00:00","perl","683"
"2014-08-01 00:00:00","go","405"
"2014-08-01 00:00:00","php","13117"
"2014-08-01 00:00:00","delphi","423"
"2014-08-01 00:00:00","c++","5862"
"2014-08-01 00:00:00","ruby","2458"
"2014-09-01 00:00:00","go","392"
"2014-09-01 00:00:00","ruby","2266"
"2014-09-01 00:00:00","c#","12290"
"2014-09-01 00:00:00","python","8754"
"2014-09-01 00:00:00","javascript","18045"
"2014-09-01 00:00:00","r","2357"
"2014-09-01 00:00:00","c++","6166"
"2014-09-01 00:00:00","swift","1893"
"2014-09-01 00:00:00","php","13278"
"2014-09-01 00:00:00","assembly","280"
"2014-09-01 00:00:00","delphi","445"
"2014-09-01 00:00:00","perl","679"
"2014-09-01 00:00:00","java","16623"
"2014-09-01 00:00:00","c","3222"
"2014-10-01 00:00:00","perl","639"
"2014-10-01 00:00:00","swift","2458"
"2014-10-01 00:00:00","python","9552"
"2014-10-01 00:00:00","r","2765"
"2014-10-01 00:00:00","php","13507"
"2014-10-01 00:00:00","assembly","392"
"2014-10-01 00:00:00","c#","12519"
"2014-10-01 00:00:00","go","380"
"2014-10-01 00:00:00","c++","6814"
"2014-10-01 00:00:00","javascript","18843"
"2014-10-01 00:00:00","c","3793"
"2014-10-01 00:00:00","ruby","2339"
"2014-10-01 00:00:00","java","17830"
"2014-10-01 00:00:00","delphi","410"
"2014-11-01 00:00:00","c++","6538"
"2014-11-01 00:00:00","ruby","2107"
"2014-11-01 00:00:00","delphi","425"
"2014-11-01 00:00:00","r","2700"
"2014-11-01 00:00:00","php","12952"
"2014-11-01 00:00:00","perl","656"
"2014-11-01 00:00:00","javascript","17914"
"2014-11-01 00:00:00","java","17774"
"2014-11-01 00:00:00","assembly","387"
"2014-11-01 00:00:00","go","336"
"2014-11-01 00:00:00","python","9549"
"2014-11-01 00:00:00","c#","11836"
"2014-11-01 00:00:00","swift","2549"
"2014-11-01 00:00:00","c","3653"
"2014-12-01 00:00:00","delphi","313"
"2014-12-01 00:00:00","php","12268"
"2014-12-01 00:00:00","assembly","329"
"2014-12-01 00:00:00","python","9017"
"2014-12-01 00:00:00","swift","2479"
"2014-12-01 00:00:00","c","3147"
"2014-12-01 00:00:00","c#","11052"
"2014-12-01 00:00:00","r","2356"
"2014-12-01 00:00:00","javascript","16924"
"2014-12-01 00:00:00","perl","565"
"2014-12-01 00:00:00","java","16315"
"2014-12-01 00:00:00","ruby","2143"
"2014-12-01 00:00:00","go","349"
"2014-12-01 00:00:00","c++","6064"
"2015-01-01 00:00:00","php","13540"
"2015-01-01 00:00:00","c#","11714"
"2015-01-01 00:00:00","c++","6116"
"2015-01-01 00:00:00","go","468"
"2015-01-01 00:00:00","r","2681"
"2015-01-01 00:00:00","swift","3045"
"2015-01-01 00:00:00","c","3204"
"2015-01-01 00:00:00","javascript","18480"
"2015-01-01 00:00:00","perl","589"
"2015-01-01 00:00:00","assembly","333"
"2015-01-01 00:00:00","python","9665"
"2015-01-01 00:00:00","delphi","379"
"2015-01-01 00:00:00","java","16499"
"2015-01-01 00:00:00","ruby","2419"
"2015-02-01 00:00:00","ruby","2257"
"2015-02-01 00:00:00","delphi","414"
"2015-02-01 00:00:00","swift","3229"
"2015-02-01 00:00:00","r","2964"
"2015-02-01 00:00:00","javascript","18606"
"2015-02-01 00:00:00","perl","564"
"2015-02-01 00:00:00","c#","11770"
"2015-02-01 00:00:00","c","3361"
"2015-02-01 00:00:00","assembly","356"
"2015-02-01 00:00:00","php","13448"
"2015-02-01 00:00:00","go","381"
"2015-02-01 00:00:00","c++","6461"
"2015-02-01 00:00:00","python","10182"
"2015-02-01 00:00:00","java","16710"
"2015-03-01 00:00:00","java","19709"
"2015-03-01 00:00:00","delphi","409"
"2015-03-01 00:00:00","swift","3586"
"2015-03-01 00:00:00","javascript","20466"
"2015-03-01 00:00:00","ruby","2457"
"2015-03-01 00:00:00","c#","13239"
"2015-03-01 00:00:00","r","3558"
"2015-03-01 00:00:00","php","14836"
"2015-03-01 00:00:00","c++","7378"
"2015-03-01 00:00:00","perl","638"
"2015-03-01 00:00:00","assembly","384"
"2015-03-01 00:00:00","go","468"
"2015-03-01 00:00:00","c","3913"
"2015-03-01 00:00:00","python","11575"
"2015-04-01 00:00:00","javascript","20866"
"2015-04-01 00:00:00","php","14894"
"2015-04-01 00:00:00","assembly","438"
"2015-04-01 00:00:00","java","19752"
"2015-04-01 00:00:00","swift","4005"
"2015-04-01 00:00:00","python","11410"
"2015-04-01 00:00:00","delphi","388"
"2015-04-01 00:00:00","perl","575"
"2015-04-01 00:00:00","go","388"
"2015-04-01 00:00:00","c","3946"
"2015-04-01 00:00:00","ruby","2499"
"2015-04-01 00:00:00","r","3321"
"2015-04-01 00:00:00","c++","7128"
"2015-04-01 00:00:00","c#","13061"
"2015-05-01 00:00:00","c#","13336"
"2015-05-01 00:00:00","assembly","368"
"2015-05-01 00:00:00","swift","3787"
"2015-05-01 00:00:00","javascript","22086"
"2015-05-01 00:00:00","c++","6804"
"2015-05-01 00:00:00","c","3514"
"2015-05-01 00:00:00","python","11199"
"2015-05-01 00:00:00","go","396"
"2015-05-01 00:00:00","perl","527"
"2015-05-01 00:00:00","ruby","2502"
"2015-05-01 00:00:00","java","18504"
"2015-05-01 00:00:00","php","14511"
"2015-05-01 00:00:00","delphi","399"
"2015-05-01 00:00:00","r","3417"
"2015-06-01 00:00:00","python","11780"
"2015-06-01 00:00:00","ruby","2574"
"2015-06-01 00:00:00","javascript","22576"
"2015-06-01 00:00:00","java","17819"
"2015-06-01 00:00:00","assembly","267"
"2015-06-01 00:00:00","go","421"
"2015-06-01 00:00:00","php","14315"
"2015-06-01 00:00:00","r","3423"
"2015-06-01 00:00:00","c#","13511"
"2015-06-01 00:00:00","c++","6508"
"2015-06-01 00:00:00","swift","4314"
"2015-06-01 00:00:00","perl","570"
"2015-06-01 00:00:00","delphi","388"
"2015-06-01 00:00:00","c","3165"
"2015-07-01 00:00:00","java","18665"
"2015-07-01 00:00:00","perl","578"
"2015-07-01 00:00:00","python","12302"
"2015-07-01 00:00:00","javascript","23946"
"2015-07-01 00:00:00","c#","14101"
"2015-07-01 00:00:00","r","3978"
"2015-07-01 00:00:00","php","15335"
"2015-07-01 00:00:00","c++","6696"
"2015-07-01 00:00:00","swift","5140"
"2015-07-01 00:00:00","go","466"
"2015-07-01 00:00:00","delphi","385"
"2015-07-01 00:00:00","c","2809"
"2015-07-01 00:00:00","assembly","260"
"2015-07-01 00:00:00","ruby","2581"
"2015-08-01 00:00:00","r","3492"
"2015-08-01 00:00:00","java","17074"
"2015-08-01 00:00:00","c","2571"
"2015-08-01 00:00:00","go","448"
"2015-08-01 00:00:00","ruby","2313"
"2015-08-01 00:00:00","assembly","219"
"2015-08-01 00:00:00","perl","552"
"2015-08-01 00:00:00","c#","13221"
"2015-08-01 00:00:00","delphi","386"
"2015-08-01 00:00:00","php","14210"
"2015-08-01 00:00:00","python","11212"
"2015-08-01 00:00:00","c++","5867"
"2015-08-01 00:00:00","javascript","22150"
"2015-08-01 00:00:00","swift","5079"
"2015-09-01 00:00:00","ruby","2157"
"2015-09-01 00:00:00","c","3081"
"2015-09-01 00:00:00","c++","5905"
"2015-09-01 00:00:00","assembly","257"
"2015-09-01 00:00:00","delphi","358"
"2015-09-01 00:00:00","go","420"
"2015-09-01 00:00:00","swift","4544"
"2015-09-01 00:00:00","perl","465"
"2015-09-01 00:00:00","java","16928"
"2015-09-01 00:00:00","php","13487"
"2015-09-01 00:00:00","c#","12911"
"2015-09-01 00:00:00","javascript","21387"
"2015-09-01 00:00:00","python","10953"
"2015-09-01 00:00:00","r","3328"
"2015-10-01 00:00:00","php","13876"
"2015-10-01 00:00:00","swift","4293"
"2015-10-01 00:00:00","python","12462"
"2015-10-01 00:00:00","go","425"
"2015-10-01 00:00:00","assembly","430"
"2015-10-01 00:00:00","c","3674"
"2015-10-01 00:00:00","java","18531"
"2015-10-01 00:00:00","c++","7045"
"2015-10-01 00:00:00","perl","497"
"2015-10-01 00:00:00","delphi","421"
"2015-10-01 00:00:00","r","3679"
"2015-10-01 00:00:00","ruby","2193"
"2015-10-01 00:00:00","c#","12787"
"2015-10-01 00:00:00","javascript","21804"
"2015-11-01 00:00:00","swift","4313"
"2015-11-01 00:00:00","java","17754"
"2015-11-01 00:00:00","javascript","21253"
"2015-11-01 00:00:00","c++","7079"
"2015-11-01 00:00:00","ruby","1956"
"2015-11-01 00:00:00","go","433"
"2015-11-01 00:00:00","c","3608"
"2015-11-01 00:00:00","r","3538"
"2015-11-01 00:00:00","php","13283"
"2015-11-01 00:00:00","delphi","389"
"2015-11-01 00:00:00","assembly","403"
"2015-11-01 00:00:00","python","12275"
"2015-11-01 00:00:00","c#","12368"
"2015-11-01 00:00:00","perl","463"
"2015-12-01 00:00:00","python","11630"
"2015-12-01 00:00:00","swift","4368"
"2015-12-01 00:00:00","c++","6556"
"2015-12-01 00:00:00","c#","12130"
"2015-12-01 00:00:00","java","16535"
"2015-12-01 00:00:00","javascript","21061"
"2015-12-01 00:00:00","php","13701"
"2015-12-01 00:00:00","c","3084"
"2015-12-01 00:00:00","perl","477"
"2015-12-01 00:00:00","ruby","2028"
"2015-12-01 00:00:00","delphi","314"
"2015-12-01 00:00:00","go","418"
"2015-12-01 00:00:00","assembly","352"
"2015-12-01 00:00:00","r","3178"
"2016-01-01 00:00:00","assembly","247"
"2016-01-01 00:00:00","perl","445"
"2016-01-01 00:00:00","r","3534"
"2016-01-01 00:00:00","go","494"
"2016-01-01 00:00:00","c","3040"
"2016-01-01 00:00:00","c#","12351"
"2016-01-01 00:00:00","c++","6094"
"2016-01-01 00:00:00","php","14524"
"2016-01-01 00:00:00","delphi","318"
"2016-01-01 00:00:00","swift","4778"
"2016-01-01 00:00:00","ruby","2142"
"2016-01-01 00:00:00","javascript","22494"
"2016-01-01 00:00:00","java","16606"
"2016-01-01 00:00:00","python","12331"
"2016-02-01 00:00:00","c","3274"
"2016-02-01 00:00:00","java","17827"
"2016-02-01 00:00:00","go","540"
"2016-02-01 00:00:00","php","14866"
"2016-02-01 00:00:00","swift","4744"
"2016-02-01 00:00:00","javascript","22453"
"2016-02-01 00:00:00","ruby","2248"
"2016-02-01 00:00:00","assembly","347"
"2016-02-01 00:00:00","c#","12718"
"2016-02-01 00:00:00","python","13227"
"2016-02-01 00:00:00","c++","6549"
"2016-02-01 00:00:00","perl","500"
"2016-02-01 00:00:00","r","3588"
"2016-02-01 00:00:00","delphi","355"
"2016-03-01 00:00:00","php","15087"
"2016-03-01 00:00:00","delphi","339"
"2016-03-01 00:00:00","go","593"
"2016-03-01 00:00:00","c","3442"
"2016-03-01 00:00:00","c#","13595"
"2016-03-01 00:00:00","swift","5068"
"2016-03-01 00:00:00","javascript","24073"
"2016-03-01 00:00:00","perl","467"
"2016-03-01 00:00:00","ruby","2255"
"2016-03-01 00:00:00","java","19880"
"2016-03-01 00:00:00","r","4040"
"2016-03-01 00:00:00","python","14043"
"2016-03-01 00:00:00","assembly","436"
"2016-03-01 00:00:00","c++","7010"
"2016-04-01 00:00:00","r","4124"
"2016-04-01 00:00:00","java","19458"
"2016-04-01 00:00:00","go","602"
"2016-04-01 00:00:00","swift","4744"
"2016-04-01 00:00:00","c","3349"
"2016-04-01 00:00:00","php","14432"
"2016-04-01 00:00:00","delphi","324"
"2016-04-01 00:00:00","assembly","413"
"2016-04-01 00:00:00","perl","492"
"2016-04-01 00:00:00","javascript","23433"
"2016-04-01 00:00:00","python","13628"
"2016-04-01 00:00:00","c#","13705"
"2016-04-01 00:00:00","c++","6882"
"2016-04-01 00:00:00","ruby","2214"
"2016-05-01 00:00:00","assembly","324"
"2016-05-01 00:00:00","c","2719"
"2016-05-01 00:00:00","javascript","22970"
"2016-05-01 00:00:00","r","3796"
"2016-05-01 00:00:00","python","13087"
"2016-05-01 00:00:00","c#","13482"
"2016-05-01 00:00:00","c++","6120"
"2016-05-01 00:00:00","go","578"
"2016-05-01 00:00:00","delphi","337"
"2016-05-01 00:00:00","php","14393"
"2016-05-01 00:00:00","perl","486"
"2016-05-01 00:00:00","swift","4406"
"2016-05-01 00:00:00","java","16997"
"2016-05-01 00:00:00","ruby","2131"
"2016-06-01 00:00:00","python","12894"
"2016-06-01 00:00:00","javascript","22126"
"2016-06-01 00:00:00","java","15892"
"2016-06-01 00:00:00","assembly","290"
"2016-06-01 00:00:00","perl","435"
"2016-06-01 00:00:00","c++","5705"
"2016-06-01 00:00:00","delphi","281"
"2016-06-01 00:00:00","swift","4788"
"2016-06-01 00:00:00","c","2297"
"2016-06-01 00:00:00","go","548"
"2016-06-01 00:00:00","r","3860"
"2016-06-01 00:00:00","ruby","2106"
"2016-06-01 00:00:00","php","13572"
"2016-06-01 00:00:00","c#","13041"
"2016-07-01 00:00:00","r","3745"
"2016-07-01 00:00:00","php","12874"
"2016-07-01 00:00:00","assembly","202"
"2016-07-01 00:00:00","javascript","22186"
"2016-07-01 00:00:00","python","12803"
"2016-07-01 00:00:00","perl","413"
"2016-07-01 00:00:00","delphi","242"
"2016-07-01 00:00:00","c++","5459"
"2016-07-01 00:00:00","c","2345"
"2016-07-01 00:00:00","go","536"
"2016-07-01 00:00:00","ruby","1899"
"2016-07-01 00:00:00","swift","4926"
"2016-07-01 00:00:00","java","14918"
"2016-07-01 00:00:00","c#","11986"
"2016-08-01 00:00:00","ruby","1875"
"2016-08-01 00:00:00","assembly","256"
"2016-08-01 00:00:00","c","2212"
"2016-08-01 00:00:00","c#","12706"
"2016-08-01 00:00:00","javascript","22636"
"2016-08-01 00:00:00","swift","4896"
"2016-08-01 00:00:00","python","12892"
"2016-08-01 00:00:00","java","15163"
"2016-08-01 00:00:00","delphi","338"
"2016-08-01 00:00:00","php","12847"
"2016-08-01 00:00:00","perl","460"
"2016-08-01 00:00:00","r","3781"
"2016-08-01 00:00:00","c++","5010"
"2016-08-01 00:00:00","go","571"
"2016-09-01 00:00:00","ruby","1923"
"2016-09-01 00:00:00","javascript","20424"
"2016-09-01 00:00:00","perl","462"
"2016-09-01 00:00:00","go","511"
"2016-09-01 00:00:00","delphi","287"
"2016-09-01 00:00:00","python","12326"
"2016-09-01 00:00:00","c#","11092"
"2016-09-01 00:00:00","swift","4849"
"2016-09-01 00:00:00","assembly","335"
"2016-09-01 00:00:00","r","3299"
"2016-09-01 00:00:00","c++","5133"
"2016-09-01 00:00:00","java","14642"
"2016-09-01 00:00:00","c","2508"
"2016-09-01 00:00:00","php","12095"
"2016-10-01 00:00:00","php","12226"
"2016-10-01 00:00:00","python","13487"
"2016-10-01 00:00:00","perl","402"
"2016-10-01 00:00:00","r","3785"
"2016-10-01 00:00:00","delphi","267"
"2016-10-01 00:00:00","go","531"
"2016-10-01 00:00:00","ruby","1819"
"2016-10-01 00:00:00","c++","5961"
"2016-10-01 00:00:00","c","3205"
"2016-10-01 00:00:00","javascript","20421"
"2016-10-01 00:00:00","assembly","398"
"2016-10-01 00:00:00","c#","11437"
"2016-10-01 00:00:00","java","15303"
"2016-10-01 00:00:00","swift","4723"
"2016-11-01 00:00:00","perl","370"
"2016-11-01 00:00:00","python","14161"
"2016-11-01 00:00:00","java","15632"
"2016-11-01 00:00:00","swift","4358"
"2016-11-01 00:00:00","go","476"
"2016-11-01 00:00:00","r","3557"
"2016-11-01 00:00:00","c++","6064"
"2016-11-01 00:00:00","c#","11639"
"2016-11-01 00:00:00","javascript","20483"
"2016-11-01 00:00:00","ruby","1754"
"2016-11-01 00:00:00","c","3258"
"2016-11-01 00:00:00","php","11906"
"2016-11-01 00:00:00","delphi","274"
"2016-11-01 00:00:00","assembly","412"
"2016-12-01 00:00:00","ruby","1627"
"2016-12-01 00:00:00","swift","3923"
"2016-12-01 00:00:00","javascript","19768"
"2016-12-01 00:00:00","assembly","314"
"2016-12-01 00:00:00","c++","5217"
"2016-12-01 00:00:00","go","495"
"2016-12-01 00:00:00","c","2792"
"2016-12-01 00:00:00","java","13821"
"2016-12-01 00:00:00","delphi","253"
"2016-12-01 00:00:00","perl","336"
"2016-12-01 00:00:00","python","13016"
"2016-12-01 00:00:00","c#","10673"
"2016-12-01 00:00:00","r","3149"
"2016-12-01 00:00:00","php","11442"
"2017-01-01 00:00:00","c","2754"
"2017-01-01 00:00:00","go","559"
"2017-01-01 00:00:00","python","14241"
"2017-01-01 00:00:00","c++","5641"
"2017-01-01 00:00:00","c#","11677"
"2017-01-01 00:00:00","assembly","306"
"2017-01-01 00:00:00","swift","4330"
"2017-01-01 00:00:00","php","12576"
"2017-01-01 00:00:00","delphi","285"
"2017-01-01 00:00:00","r","3486"
"2017-01-01 00:00:00","perl","325"
"2017-01-01 00:00:00","javascript","21368"
"2017-01-01 00:00:00","ruby","1821"
"2017-01-01 00:00:00","java","14534"
"2017-02-01 00:00:00","javascript","21161"
"2017-02-01 00:00:00","delphi","303"
"2017-02-01 00:00:00","python","14751"
"2017-02-01 00:00:00","java","14536"
"2017-02-01 00:00:00","ruby","1622"
"2017-02-01 00:00:00","php","12449"
"2017-02-01 00:00:00","c++","5162"
"2017-02-01 00:00:00","r","3673"
"2017-02-01 00:00:00","c#","11469"
"2017-02-01 00:00:00","go","551"
"2017-02-01 00:00:00","swift","4047"
"2017-02-01 00:00:00","perl","398"
"2017-02-01 00:00:00","assembly","301"
"2017-02-01 00:00:00","c","2725"
"2017-03-01 00:00:00","r","4600"
"2017-03-01 00:00:00","c","2960"
"2017-03-01 00:00:00","php","13984"
"2017-03-01 00:00:00","assembly","371"
"2017-03-01 00:00:00","swift","4604"
"2017-03-01 00:00:00","python","17103"
"2017-03-01 00:00:00","ruby","1790"
"2017-03-01 00:00:00","c++","6212"
"2017-03-01 00:00:00","java","17282"
"2017-03-01 00:00:00","go","650"
"2017-03-01 00:00:00","javascript","23664"
"2017-03-01 00:00:00","c#","12974"
"2017-03-01 00:00:00","delphi","304"
"2017-03-01 00:00:00","perl","409"
"2017-04-01 00:00:00","c#","11075"
"2017-04-01 00:00:00","r","4261"
"2017-04-01 00:00:00","java","15903"
"2017-04-01 00:00:00","delphi","263"
"2017-04-01 00:00:00","python","15618"
"2017-04-01 00:00:00","c","2849"
"2017-04-01 00:00:00","go","507"
"2017-04-01 00:00:00","ruby","1486"
"2017-04-01 00:00:00","c++","5866"
"2017-04-01 00:00:00","javascript","21201"
"2017-04-01 00:00:00","swift","3906"
"2017-04-01 00:00:00","perl","369"
"2017-04-01 00:00:00","php","12347"
"2017-04-01 00:00:00","assembly","316"
"2017-05-01 00:00:00","perl","355"
"2017-05-01 00:00:00","c++","5291"
"2017-05-01 00:00:00","c#","11961"
"2017-05-01 00:00:00","java","16308"
"2017-05-01 00:00:00","javascript","22361"
"2017-05-01 00:00:00","ruby","1518"
"2017-05-01 00:00:00","delphi","317"
"2017-05-01 00:00:00","php","12990"
"2017-05-01 00:00:00","go","583"
"2017-05-01 00:00:00","r","4313"
"2017-05-01 00:00:00","assembly","348"
"2017-05-01 00:00:00","swift","4087"
"2017-05-01 00:00:00","c","2742"
"2017-05-01 00:00:00","python","16156"
"2017-06-01 00:00:00","perl","312"
"2017-06-01 00:00:00","ruby","1415"
"2017-06-01 00:00:00","delphi","245"
"2017-06-01 00:00:00","php","11698"
"2017-06-01 00:00:00","javascript","21545"
"2017-06-01 00:00:00","c++","4671"
"2017-06-01 00:00:00","go","572"
"2017-06-01 00:00:00","c#","11286"
"2017-06-01 00:00:00","python","15984"
"2017-06-01 00:00:00","assembly","240"
"2017-06-01 00:00:00","c","2345"
"2017-06-01 00:00:00","r","4442"
"2017-06-01 00:00:00","swift","4189"
"2017-06-01 00:00:00","java","14595"
"2017-07-01 00:00:00","java","14094"
"2017-07-01 00:00:00","swift","4341"
"2017-07-01 00:00:00","r","4576"
"2017-07-01 00:00:00","assembly","220"
"2017-07-01 00:00:00","go","653"
"2017-07-01 00:00:00","c++","5007"
"2017-07-01 00:00:00","python","16880"
"2017-07-01 00:00:00","ruby","1521"
"2017-07-01 00:00:00","c#","11189"
"2017-07-01 00:00:00","c","2039"
"2017-07-01 00:00:00","javascript","21574"
"2017-07-01 00:00:00","perl","323"
"2017-07-01 00:00:00","delphi","207"
"2017-07-01 00:00:00","php","11709"
"2017-08-01 00:00:00","php","11585"
"2017-08-01 00:00:00","ruby","1391"
"2017-08-01 00:00:00","perl","355"
"2017-08-01 00:00:00","assembly","216"
"2017-08-01 00:00:00","c#","10937"
"2017-08-01 00:00:00","c++","4782"
"2017-08-01 00:00:00","go","607"
"2017-08-01 00:00:00","python","16455"
"2017-08-01 00:00:00","delphi","290"
"2017-08-01 00:00:00","swift","4171"
"2017-08-01 00:00:00","javascript","21301"
"2017-08-01 00:00:00","java","13735"
"2017-08-01 00:00:00","r","4562"
"2017-08-01 00:00:00","c","2038"
"2017-09-01 00:00:00","assembly","229"
"2017-09-01 00:00:00","delphi","260"
"2017-09-01 00:00:00","swift","3754"
"2017-09-01 00:00:00","php","10639"
"2017-09-01 00:00:00","c","2097"
"2017-09-01 00:00:00","python","15427"
"2017-09-01 00:00:00","go","543"
"2017-09-01 00:00:00","java","12730"
"2017-09-01 00:00:00","perl","297"
"2017-09-01 00:00:00","r","4220"
"2017-09-01 00:00:00","javascript","18952"
"2017-09-01 00:00:00","c#","9858"
"2017-09-01 00:00:00","c++","4462"
"2017-09-01 00:00:00","ruby","1222"
"2017-10-01 00:00:00","swift","3890"
"2017-10-01 00:00:00","go","614"
"2017-10-01 00:00:00","assembly","332"
"2017-10-01 00:00:00","ruby","1297"
"2017-10-01 00:00:00","java","13979"
"2017-10-01 00:00:00","c++","5209"
"2017-10-01 00:00:00","python","16921"
"2017-10-01 00:00:00","delphi","221"
"2017-10-01 00:00:00","c","2772"
"2017-10-01 00:00:00","php","10787"
"2017-10-01 00:00:00","perl","333"
"2017-10-01 00:00:00","r","4540"
"2017-10-01 00:00:00","javascript","19813"
"2017-10-01 00:00:00","c#","10212"
"2017-11-01 00:00:00","go","654"
"2017-11-01 00:00:00","assembly","384"
"2017-11-01 00:00:00","c++","5028"
"2017-11-01 00:00:00","delphi","200"
"2017-11-01 00:00:00","python","16935"
"2017-11-01 00:00:00","php","10553"
"2017-11-01 00:00:00","c#","9771"
"2017-11-01 00:00:00","java","14151"
"2017-11-01 00:00:00","c","2947"
"2017-11-01 00:00:00","r","4501"
"2017-11-01 00:00:00","swift","3662"
"2017-11-01 00:00:00","javascript","19375"
"2017-11-01 00:00:00","ruby","1174"
"2017-11-01 00:00:00","perl","265"
"2017-12-01 00:00:00","assembly","247"
"2017-12-01 00:00:00","python","14899"
"2017-12-01 00:00:00","go","523"
"2017-12-01 00:00:00","c++","4451"
"2017-12-01 00:00:00","php","9084"
"2017-12-01 00:00:00","java","11962"
"2017-12-01 00:00:00","r","3713"
"2017-12-01 00:00:00","c","2191"
"2017-12-01 00:00:00","swift","3196"
"2017-12-01 00:00:00","ruby","1016"
"2017-12-01 00:00:00","delphi","187"
"2017-12-01 00:00:00","c#","8580"
"2017-12-01 00:00:00","javascript","16932"
"2017-12-01 00:00:00","perl","237"
"2018-01-01 00:00:00","java","12323"
"2018-01-01 00:00:00","perl","245"
"2018-01-01 00:00:00","javascript","18865"
"2018-01-01 00:00:00","assembly","253"
"2018-01-01 00:00:00","go","542"
"2018-01-01 00:00:00","delphi","195"
"2018-01-01 00:00:00","c++","4742"
"2018-01-01 00:00:00","c","2210"
"2018-01-01 00:00:00","c#","9357"
"2018-01-01 00:00:00","swift","3735"
"2018-01-01 00:00:00","php","10068"
"2018-01-01 00:00:00","r","4197"
"2018-01-01 00:00:00","python","16210"
"2018-01-01 00:00:00","ruby","1160"
"2018-02-01 00:00:00","php","9083"
"2018-02-01 00:00:00","java","12007"
"2018-02-01 00:00:00","c","2140"
"2018-02-01 00:00:00","r","4498"
"2018-02-01 00:00:00","swift","3399"
"2018-02-01 00:00:00","delphi","213"
"2018-02-01 00:00:00","python","16279"
"2018-02-01 00:00:00","perl","231"
"2018-02-01 00:00:00","c++","4565"
"2018-02-01 00:00:00","go","581"
"2018-02-01 00:00:00","assembly","281"
"2018-02-01 00:00:00","ruby","1030"
"2018-02-01 00:00:00","javascript","17195"
"2018-02-01 00:00:00","c#","8567"
"2018-03-01 00:00:00","assembly","317"
"2018-03-01 00:00:00","php","9784"
"2018-03-01 00:00:00","delphi","218"
"2018-03-01 00:00:00","perl","288"
"2018-03-01 00:00:00","javascript","19111"
"2018-03-01 00:00:00","c#","9774"
"2018-03-01 00:00:00","java","13535"
"2018-03-01 00:00:00","python","17874"
"2018-03-01 00:00:00","swift","4038"
"2018-03-01 00:00:00","ruby","1061"
"2018-03-01 00:00:00","go","603"
"2018-03-01 00:00:00","c++","5172"
"2018-03-01 00:00:00","c","2459"
"2018-03-01 00:00:00","r","5101"
"2018-04-01 00:00:00","java","13460"
"2018-04-01 00:00:00","python","16940"
"2018-04-01 00:00:00","assembly","321"
"2018-04-01 00:00:00","c++","4657"
"2018-04-01 00:00:00","r","4727"
"2018-04-01 00:00:00","c#","9224"
"2018-04-01 00:00:00","delphi","204"
"2018-04-01 00:00:00","swift","3562"
"2018-04-01 00:00:00","ruby","985"
"2018-04-01 00:00:00","javascript","17926"
"2018-04-01 00:00:00","go","617"
"2018-04-01 00:00:00","c","2182"
"2018-04-01 00:00:00","perl","253"
"2018-04-01 00:00:00","php","8907"
"2018-05-01 00:00:00","c#","9906"
"2018-05-01 00:00:00","assembly","295"
"2018-05-01 00:00:00","go","630"
"2018-05-01 00:00:00","delphi","193"
"2018-05-01 00:00:00","swift","3611"
"2018-05-01 00:00:00","python","17543"
"2018-05-01 00:00:00","c++","4678"
"2018-05-01 00:00:00","php","9399"
"2018-05-01 00:00:00","r","4729"
"2018-05-01 00:00:00","javascript","18036"
"2018-05-01 00:00:00","c","2366"
"2018-05-01 00:00:00","ruby","1032"
"2018-05-01 00:00:00","perl","242"
"2018-05-01 00:00:00","java","13437"
"2018-06-01 00:00:00","r","4482"
"2018-06-01 00:00:00","perl","238"
"2018-06-01 00:00:00","swift","3134"
"2018-06-01 00:00:00","python","16775"
"2018-06-01 00:00:00","c++","4085"
"2018-06-01 00:00:00","go","673"
"2018-06-01 00:00:00","c","1830"
"2018-06-01 00:00:00","java","11765"
"2018-06-01 00:00:00","assembly","205"
"2018-06-01 00:00:00","c#","8774"
"2018-06-01 00:00:00","javascript","17157"
"2018-06-01 00:00:00","php","8400"
"2018-06-01 00:00:00","ruby","989"
"2018-06-01 00:00:00","delphi","186"
"2018-07-01 00:00:00","c#","9385"
"2018-07-01 00:00:00","swift","3662"
"2018-07-01 00:00:00","delphi","206"
"2018-07-01 00:00:00","python","17916"
"2018-07-01 00:00:00","c","1597"
"2018-07-01 00:00:00","go","687"
"2018-07-01 00:00:00","java","11721"
"2018-07-01 00:00:00","c++","3907"
"2018-07-01 00:00:00","ruby","940"
"2018-07-01 00:00:00","assembly","182"
"2018-07-01 00:00:00","javascript","17790"
"2018-07-01 00:00:00","perl","246"
"2018-07-01 00:00:00","r","4403"
"2018-07-01 00:00:00","php","8520"
"2018-08-01 00:00:00","java","11280"
"2018-08-01 00:00:00","python","17714"
"2018-08-01 00:00:00","assembly","176"
"2018-08-01 00:00:00","php","8453"
"2018-08-01 00:00:00","c++","3899"
"2018-08-01 00:00:00","perl","227"
"2018-08-01 00:00:00","javascript","17827"
"2018-08-01 00:00:00","go","704"
"2018-08-01 00:00:00","swift","3562"
"2018-08-01 00:00:00","r","4100"
"2018-08-01 00:00:00","delphi","204"
"2018-08-01 00:00:00","c#","9468"
"2018-08-01 00:00:00","c","1675"
"2018-08-01 00:00:00","ruby","875"
"2018-09-01 00:00:00","go","671"
"2018-09-01 00:00:00","assembly","256"
"2018-09-01 00:00:00","javascript","15975"
"2018-09-01 00:00:00","delphi","181"
"2018-09-01 00:00:00","r","3749"
"2018-09-01 00:00:00","perl","205"
"2018-09-01 00:00:00","c#","8344"
"2018-09-01 00:00:00","php","7625"
"2018-09-01 00:00:00","java","10693"
"2018-09-01 00:00:00","c","1829"
"2018-09-01 00:00:00","ruby","775"
"2018-09-01 00:00:00","swift","3133"
"2018-09-01 00:00:00","python","15997"
"2018-09-01 00:00:00","c++","3734"
"2018-10-01 00:00:00","ruby","895"
"2018-10-01 00:00:00","java","12474"
"2018-10-01 00:00:00","assembly","320"
"2018-10-01 00:00:00","go","790"
"2018-10-01 00:00:00","javascript","17374"
"2018-10-01 00:00:00","swift","3262"
"2018-10-01 00:00:00","c#","9322"
"2018-10-01 00:00:00","delphi","221"
"2018-10-01 00:00:00","php","8111"
"2018-10-01 00:00:00","c","2441"
"2018-10-01 00:00:00","r","4352"
"2018-10-01 00:00:00","perl","277"
"2018-10-01 00:00:00","python","18120"
"2018-10-01 00:00:00","c++","4296"
"2018-11-01 00:00:00","python","17980"
"2018-11-01 00:00:00","ruby","833"
"2018-11-01 00:00:00","java","11669"
"2018-11-01 00:00:00","perl","235"
"2018-11-01 00:00:00","php","7044"
"2018-11-01 00:00:00","swift","2974"
"2018-11-01 00:00:00","c++","4334"
"2018-11-01 00:00:00","assembly","301"
"2018-11-01 00:00:00","c#","8453"
"2018-11-01 00:00:00","delphi","179"
"2018-11-01 00:00:00","r","4220"
"2018-11-01 00:00:00","c","2515"
"2018-11-01 00:00:00","javascript","16145"
"2018-11-01 00:00:00","go","717"
"2018-12-01 00:00:00","c++","3549"
"2018-12-01 00:00:00","c#","7529"
"2018-12-01 00:00:00","java","10419"
"2018-12-01 00:00:00","php","6185"
"2018-12-01 00:00:00","perl","220"
"2018-12-01 00:00:00","go","656"
"2018-12-01 00:00:00","swift","2777"
"2018-12-01 00:00:00","r","3397"
"2018-12-01 00:00:00","delphi","175"
"2018-12-01 00:00:00","javascript","14236"
"2018-12-01 00:00:00","c","2187"
"2018-12-01 00:00:00","assembly","221"
"2018-12-01 00:00:00","ruby","806"
"2018-12-01 00:00:00","python","15696"
"2019-01-01 00:00:00","perl","264"
"2019-01-01 00:00:00","r","3940"
"2019-01-01 00:00:00","python","16915"
"2019-01-01 00:00:00","c++","3901"
"2019-01-01 00:00:00","assembly","218"
"2019-01-01 00:00:00","java","10996"
"2019-01-01 00:00:00","php","7143"
"2019-01-01 00:00:00","delphi","215"
"2019-01-01 00:00:00","javascript","15996"
"2019-01-01 00:00:00","ruby","916"
"2019-01-01 00:00:00","go","653"
"2019-01-01 00:00:00","swift","2898"
"2019-01-01 00:00:00","c","2275"
"2019-01-01 00:00:00","c#","8726"
"2019-02-01 00:00:00","ruby","786"
"2019-02-01 00:00:00","r","4241"
"2019-02-01 00:00:00","assembly","224"
"2019-02-01 00:00:00","java","10966"
"2019-02-01 00:00:00","perl","250"
"2019-02-01 00:00:00","c++","3724"
"2019-02-01 00:00:00","delphi","190"
"2019-02-01 00:00:00","go","625"
"2019-02-01 00:00:00","python","17499"
"2019-02-01 00:00:00","swift","2672"
"2019-02-01 00:00:00","c#","8331"
"2019-02-01 00:00:00","javascript","15658"
"2019-02-01 00:00:00","php","7239"
"2019-02-01 00:00:00","c","2050"
"2019-03-01 00:00:00","ruby","843"
"2019-03-01 00:00:00","swift","2941"
"2019-03-01 00:00:00","assembly","276"
"2019-03-01 00:00:00","php","7747"
"2019-03-01 00:00:00","go","721"
"2019-03-01 00:00:00","delphi","186"
"2019-03-01 00:00:00","r","4486"
"2019-03-01 00:00:00","c","2374"
"2019-03-01 00:00:00","perl","231"
"2019-03-01 00:00:00","java","12007"
"2019-03-01 00:00:00","c++","4416"
"2019-03-01 00:00:00","c#","8942"
"2019-03-01 00:00:00","javascript","17295"
"2019-03-01 00:00:00","python","19859"
"2019-04-01 00:00:00","javascript","16130"
"2019-04-01 00:00:00","swift","3061"
"2019-04-01 00:00:00","delphi","204"
"2019-04-01 00:00:00","r","4593"
"2019-04-01 00:00:00","python","19789"
"2019-04-01 00:00:00","assembly","303"
"2019-04-01 00:00:00","c++","4367"
"2019-04-01 00:00:00","ruby","767"
"2019-04-01 00:00:00","c#","9089"
"2019-04-01 00:00:00","java","11137"
"2019-04-01 00:00:00","go","650"
"2019-04-01 00:00:00","php","7130"
"2019-04-01 00:00:00","c","2424"
"2019-04-01 00:00:00","perl","205"
"2019-05-01 00:00:00","c","2086"
"2019-05-01 00:00:00","python","18872"
"2019-05-01 00:00:00","go","672"
"2019-05-01 00:00:00","swift","3095"
"2019-05-01 00:00:00","ruby","760"
"2019-05-01 00:00:00","javascript","16102"
"2019-05-01 00:00:00","java","11053"
"2019-05-01 00:00:00","php","6913"
"2019-05-01 00:00:00","delphi","170"
"2019-05-01 00:00:00","assembly","234"
"2019-05-01 00:00:00","r","4292"
"2019-05-01 00:00:00","perl","221"
"2019-05-01 00:00:00","c#","9002"
"2019-05-01 00:00:00","c++","4118"
"2019-06-01 00:00:00","perl","235"
"2019-06-01 00:00:00","ruby","703"
"2019-06-01 00:00:00","javascript","14773"
"2019-06-01 00:00:00","c++","3635"
"2019-06-01 00:00:00","java","9605"
"2019-06-01 00:00:00","delphi","134"
"2019-06-01 00:00:00","assembly","199"
"2019-06-01 00:00:00","go","525"
"2019-06-01 00:00:00","r","3940"
"2019-06-01 00:00:00","c#","7585"
"2019-06-01 00:00:00","c","1724"
"2019-06-01 00:00:00","python","17184"
"2019-06-01 00:00:00","swift","3080"
"2019-06-01 00:00:00","php","5975"
"2019-07-01 00:00:00","java","10804"
"2019-07-01 00:00:00","python","19710"
"2019-07-01 00:00:00","php","6626"
"2019-07-01 00:00:00","perl","236"
"2019-07-01 00:00:00","c++","4260"
"2019-07-01 00:00:00","delphi","164"
"2019-07-01 00:00:00","c","1747"
"2019-07-01 00:00:00","javascript","16107"
"2019-07-01 00:00:00","r","4196"
"2019-07-01 00:00:00","go","624"
"2019-07-01 00:00:00","swift","3029"
"2019-07-01 00:00:00","ruby","758"
"2019-07-01 00:00:00","assembly","187"
"2019-07-01 00:00:00","c#","8424"
"2019-08-01 00:00:00","java","9059"
"2019-08-01 00:00:00","php","5781"
"2019-08-01 00:00:00","go","629"
"2019-08-01 00:00:00","ruby","778"
"2019-08-01 00:00:00","r","3948"
"2019-08-01 00:00:00","javascript","15176"
"2019-08-01 00:00:00","perl","192"
"2019-08-01 00:00:00","delphi","174"
"2019-08-01 00:00:00","assembly","166"
"2019-08-01 00:00:00","python","17994"
"2019-08-01 00:00:00","c","1547"
"2019-08-01 00:00:00","c++","3281"
"2019-08-01 00:00:00","c#","7690"
"2019-08-01 00:00:00","swift","2528"
"2019-09-01 00:00:00","java","9636"
"2019-09-01 00:00:00","c++","3771"
"2019-09-01 00:00:00","c","2000"
"2019-09-01 00:00:00","javascript","14833"
"2019-09-01 00:00:00","perl","199"
"2019-09-01 00:00:00","delphi","145"
"2019-09-01 00:00:00","php","5530"
"2019-09-01 00:00:00","assembly","221"
"2019-09-01 00:00:00","c#","7826"
"2019-09-01 00:00:00","swift","2547"
"2019-09-01 00:00:00","python","16845"
"2019-09-01 00:00:00","r","3933"
"2019-09-01 00:00:00","go","616"
"2019-09-01 00:00:00","ruby","715"
"2019-10-01 00:00:00","c#","8396"
"2019-10-01 00:00:00","java","11173"
"2019-10-01 00:00:00","python","20399"
"2019-10-01 00:00:00","javascript","15941"
"2019-10-01 00:00:00","delphi","151"
"2019-10-01 00:00:00","perl","208"
"2019-10-01 00:00:00","assembly","317"
"2019-10-01 00:00:00","php","6022"
"2019-10-01 00:00:00","swift","3093"
"2019-10-01 00:00:00","c++","4826"
"2019-10-01 00:00:00","ruby","847"
"2019-10-01 00:00:00","c","2473"
"2019-10-01 00:00:00","go","632"
"2019-10-01 00:00:00","r","4378"
"2019-11-01 00:00:00","c++","4715"
"2019-11-01 00:00:00","c","2504"
"2019-11-01 00:00:00","perl","219"
"2019-11-01 00:00:00","go","603"
"2019-11-01 00:00:00","ruby","684"
"2019-11-01 00:00:00","python","20542"
"2019-11-01 00:00:00","r","4279"
"2019-11-01 00:00:00","c#","8002"
"2019-11-01 00:00:00","php","6065"
"2019-11-01 00:00:00","delphi","171"
"2019-11-01 00:00:00","assembly","282"
"2019-11-01 00:00:00","swift","2858"
"2019-11-01 00:00:00","javascript","15717"
"2019-11-01 00:00:00","java","10290"
"2019-12-01 00:00:00","go","614"
"2019-12-01 00:00:00","ruby","667"
"2019-12-01 00:00:00","c#","7190"
"2019-12-01 00:00:00","c++","4183"
"2019-12-01 00:00:00","assembly","247"
"2019-12-01 00:00:00","c","2139"
"2019-12-01 00:00:00","swift","2652"
"2019-12-01 00:00:00","javascript","14280"
"2019-12-01 00:00:00","perl","157"
"2019-12-01 00:00:00","delphi","125"
"2019-12-01 00:00:00","java","8992"
"2019-12-01 00:00:00","python","18060"
"2019-12-01 00:00:00","r","3737"
"2019-12-01 00:00:00","php","5204"
"2020-01-01 00:00:00","perl","165"
"2020-01-01 00:00:00","ruby","761"
"2020-01-01 00:00:00","c","2048"
"2020-01-01 00:00:00","c++","4215"
"2020-01-01 00:00:00","r","4140"
"2020-01-01 00:00:00","assembly","229"
"2020-01-01 00:00:00","php","5875"
"2020-01-01 00:00:00","swift","2890"
"2020-01-01 00:00:00","delphi","163"
"2020-01-01 00:00:00","go","647"
"2020-01-01 00:00:00","javascript","15979"
"2020-01-01 00:00:00","python","19919"
"2020-01-01 00:00:00","java","9917"
"2020-01-01 00:00:00","c#","7778"
"2020-02-01 00:00:00","assembly","270"
"2020-02-01 00:00:00","java","10012"
"2020-02-01 00:00:00","php","5637"
"2020-02-01 00:00:00","r","4668"
"2020-02-01 00:00:00","python","19984"
"2020-02-01 00:00:00","c","1976"
"2020-02-01 00:00:00","ruby","653"
"2020-02-01 00:00:00","javascript","15706"
"2020-02-01 00:00:00","c#","7695"
"2020-02-01 00:00:00","swift","2753"
"2020-02-01 00:00:00","c++","4066"
"2020-02-01 00:00:00","delphi","156"
"2020-02-01 00:00:00","perl","178"
"2020-02-01 00:00:00","go","660"
"2020-03-01 00:00:00","perl","196"
"2020-03-01 00:00:00","java","11031"
"2020-03-01 00:00:00","delphi","166"
"2020-03-01 00:00:00","c","2475"
"2020-03-01 00:00:00","ruby","711"
"2020-03-01 00:00:00","python","22603"
"2020-03-01 00:00:00","c++","4633"
"2020-03-01 00:00:00","c#","7770"
"2020-03-01 00:00:00","javascript","17520"
"2020-03-01 00:00:00","swift","2906"
"2020-03-01 00:00:00","go","652"
"2020-03-01 00:00:00","r","5115"
"2020-03-01 00:00:00","assembly","293"
"2020-03-01 00:00:00","php","5643"
"2020-04-01 00:00:00","c++","6196"
"2020-04-01 00:00:00","go","795"
"2020-04-01 00:00:00","php","6594"
"2020-04-01 00:00:00","c","3246"
"2020-04-01 00:00:00","c#","8559"
"2020-04-01 00:00:00","swift","3436"
"2020-04-01 00:00:00","python","27561"
"2020-04-01 00:00:00","javascript","20841"
"2020-04-01 00:00:00","ruby","766"
"2020-04-01 00:00:00","java","12571"
"2020-04-01 00:00:00","r","6166"
"2020-04-01 00:00:00","delphi","231"
"2020-04-01 00:00:00","assembly","378"
"2020-04-01 00:00:00","perl","220"
"2020-05-01 00:00:00","perl","213"
"2020-05-01 00:00:00","assembly","358"
"2020-05-01 00:00:00","c","3359"
"2020-05-01 00:00:00","go","750"
"2020-05-01 00:00:00","delphi","201"
"2020-05-01 00:00:00","php","6490"
"2020-05-01 00:00:00","c++","6384"
"2020-05-01 00:00:00","c#","8573"
"2020-05-01 00:00:00","r","6005"
"2020-05-01 00:00:00","ruby","695"
"2020-05-01 00:00:00","java","11990"
"2020-05-01 00:00:00","javascript","21434"
"2020-05-01 00:00:00","swift","3508"
"2020-05-01 00:00:00","python","29372"
"2020-06-01 00:00:00","delphi","202"
"2020-06-01 00:00:00","java","10796"
"2020-06-01 00:00:00","ruby","612"
"2020-06-01 00:00:00","r","5431"
"2020-06-01 00:00:00","c","2582"
"2020-06-01 00:00:00","assembly","329"
"2020-06-01 00:00:00","c++","5610"
"2020-06-01 00:00:00","php","5904"
"2020-06-01 00:00:00","javascript","19755"
"2020-06-01 00:00:00","python","27044"
"2020-06-01 00:00:00","perl","198"
"2020-06-01 00:00:00","c#","7883"
"2020-06-01 00:00:00","swift","3149"
"2020-06-01 00:00:00","go","706"
"2020-07-01 00:00:00","delphi","193"
"2020-07-01 00:00:00","r","4935"
"2020-07-01 00:00:00","javascript","19832"
"2020-07-01 00:00:00","c","2092"
"2020-07-01 00:00:00","python","26234"
"2020-07-01 00:00:00","php","5920"
"2020-07-01 00:00:00","perl","176"
"2020-07-01 00:00:00","c++","5155"
"2020-07-01 00:00:00","assembly","271"
"2020-07-01 00:00:00","java","10421"
"2020-07-01 00:00:00","swift","2980"
"2020-07-01 00:00:00","ruby","697"
"2020-07-01 00:00:00","go","640"
"2020-07-01 00:00:00","c#","7792"
"2020-08-01 00:00:00","delphi","182"
"2020-08-01 00:00:00","c++","4769"
"2020-08-01 00:00:00","swift","2673"
"2020-08-01 00:00:00","php","4964"
"2020-08-01 00:00:00","c#","7048"
"2020-08-01 00:00:00","javascript","17986"
"2020-08-01 00:00:00","java","9284"
"2020-08-01 00:00:00","r","4492"
"2020-08-01 00:00:00","go","705"
"2020-08-01 00:00:00","assembly","265"
"2020-08-01 00:00:00","ruby","553"
"2020-08-01 00:00:00","c","1890"
"2020-08-01 00:00:00","python","22970"
"2020-08-01 00:00:00","perl","192"
"2020-09-01 00:00:00","swift","2549"
"2020-09-01 00:00:00","python","21691"
"2020-09-01 00:00:00","delphi","172"
"2020-09-01 00:00:00","perl","166"
"2020-09-01 00:00:00","ruby","513"
"2020-09-01 00:00:00","javascript","16735"
"2020-09-01 00:00:00","r","4751"
"2020-09-01 00:00:00","java","8914"
"2020-09-01 00:00:00","c#","6441"
"2020-09-01 00:00:00","c++","3910"
"2020-09-01 00:00:00","c","2144"
"2020-09-01 00:00:00","go","728"
"2020-09-01 00:00:00","php","4756"
"2020-09-01 00:00:00","assembly","294"
"2020-10-01 00:00:00","python","22752"
"2020-10-01 00:00:00","delphi","180"
"2020-10-01 00:00:00","swift","2313"
"2020-10-01 00:00:00","javascript","16380"
"2020-10-01 00:00:00","php","4560"
"2020-10-01 00:00:00","r","5065"
"2020-10-01 00:00:00","go","590"
"2020-10-01 00:00:00","java","8911"
"2020-10-01 00:00:00","ruby","491"
"2020-10-01 00:00:00","perl","170"
"2020-10-01 00:00:00","c","2364"
"2020-10-01 00:00:00","c++","4318"
"2020-10-01 00:00:00","c#","6179"
"2020-10-01 00:00:00","assembly","343"
"2020-11-01 00:00:00","go","524"
"2020-11-01 00:00:00","python","22106"
"2020-11-01 00:00:00","c++","4309"
"2020-11-01 00:00:00","ruby","500"
"2020-11-01 00:00:00","javascript","15478"
"2020-11-01 00:00:00","c#","5969"
"2020-11-01 00:00:00","r","4802"
"2020-11-01 00:00:00","swift","2156"
"2020-11-01 00:00:00","c","2688"
"2020-11-01 00:00:00","delphi","193"
"2020-11-01 00:00:00","perl","150"
"2020-11-01 00:00:00","php","4601"
"2020-11-01 00:00:00","java","8453"
"2020-11-01 00:00:00","assembly","374"
"2020-12-01 00:00:00","r","4335"
"2020-12-01 00:00:00","swift","2092"
"2020-12-01 00:00:00","c","2637"
"2020-12-01 00:00:00","ruby","498"
"2020-12-01 00:00:00","c#","5720"
"2020-12-01 00:00:00","python","22125"
"2020-12-01 00:00:00","delphi","190"
"2020-12-01 00:00:00","javascript","15976"
"2020-12-01 00:00:00","assembly","299"
"2020-12-01 00:00:00","php","4780"
"2020-12-01 00:00:00","perl","131"
"2020-12-01 00:00:00","c++","4439"
"2020-12-01 00:00:00","java","7788"
"2020-12-01 00:00:00","go","535"
"2021-01-01 00:00:00","php","4741"
"2021-01-01 00:00:00","perl","145"
"2021-01-01 00:00:00","java","8006"
"2021-01-01 00:00:00","c","2564"
"2021-01-01 00:00:00","r","4336"
"2021-01-01 00:00:00","ruby","522"
"2021-01-01 00:00:00","go","566"
"2021-01-01 00:00:00","javascript","16837"
"2021-01-01 00:00:00","python","22818"
"2021-01-01 00:00:00","assembly","308"
"2021-01-01 00:00:00","c#","6176"
"2021-01-01 00:00:00","c++","4097"
"2021-01-01 00:00:00","delphi","199"
"2021-01-01 00:00:00","swift","2305"
"2021-02-01 00:00:00","perl","133"
"2021-02-01 00:00:00","javascript","15240"
"2021-02-01 00:00:00","swift","2251"
"2021-02-01 00:00:00","python","21359"
"2021-02-01 00:00:00","java","7561"
"2021-02-01 00:00:00","ruby","530"
"2021-02-01 00:00:00","c#","5786"
"2021-02-01 00:00:00","c++","4086"
"2021-02-01 00:00:00","php","4369"
"2021-02-01 00:00:00","r","4323"
"2021-02-01 00:00:00","assembly","244"
"2021-02-01 00:00:00","go","567"
"2021-02-01 00:00:00","delphi","187"
"2021-02-01 00:00:00","c","2234"
"2021-03-01 00:00:00","c#","6374"
"2021-03-01 00:00:00","java","8637"
"2021-03-01 00:00:00","perl","152"
"2021-03-01 00:00:00","go","755"
"2021-03-01 00:00:00","delphi","254"
"2021-03-01 00:00:00","c","2480"
"2021-03-01 00:00:00","javascript","16720"
"2021-03-01 00:00:00","r","5168"
"2021-03-01 00:00:00","c++","4289"
"2021-03-01 00:00:00","assembly","320"
"2021-03-01 00:00:00","swift","2374"
"2021-03-01 00:00:00","php","4732"
"2021-03-01 00:00:00","python","23759"
"2021-03-01 00:00:00","ruby","497"
"2021-04-01 00:00:00","c#","5888"
"2021-04-01 00:00:00","java","7895"
"2021-04-01 00:00:00","assembly","319"
"2021-04-01 00:00:00","go","623"
"2021-04-01 00:00:00","c++","3923"
"2021-04-01 00:00:00","ruby","517"
"2021-04-01 00:00:00","c","2291"
"2021-04-01 00:00:00","r","4793"
"2021-04-01 00:00:00","python","22352"
"2021-04-01 00:00:00","javascript","15813"
"2021-04-01 00:00:00","swift","2110"
"2021-04-01 00:00:00","perl","136"
"2021-04-01 00:00:00","php","4295"
"2021-04-01 00:00:00","delphi","171"
"2021-05-01 00:00:00","c++","4174"
"2021-05-01 00:00:00","python","22337"
"2021-05-01 00:00:00","r","4662"
"2021-05-01 00:00:00","assembly","300"
"2021-05-01 00:00:00","delphi","169"
"2021-05-01 00:00:00","swift","1854"
"2021-05-01 00:00:00","php","4245"
"2021-05-01 00:00:00","perl","120"
"2021-05-01 00:00:00","c","2081"
"2021-05-01 00:00:00","go","642"
"2021-05-01 00:00:00","java","7928"
"2021-05-01 00:00:00","c#","5715"
"2021-05-01 00:00:00","javascript","15774"
"2021-05-01 00:00:00","ruby","399"
"2021-06-01 00:00:00","c++","3809"
"2021-06-01 00:00:00","php","4066"
"2021-06-01 00:00:00","perl","154"
"2021-06-01 00:00:00","javascript","14963"
"2021-06-01 00:00:00","c","1862"
"2021-06-01 00:00:00","python","20831"
"2021-06-01 00:00:00","c#","5610"
"2021-06-01 00:00:00","r","4275"
"2021-06-01 00:00:00","go","608"
"2021-06-01 00:00:00","swift","1783"
"2021-06-01 00:00:00","delphi","125"
"2021-06-01 00:00:00","java","7566"
"2021-06-01 00:00:00","assembly","261"
"2021-06-01 00:00:00","ruby","418"
"2021-07-01 00:00:00","python","20525"
"2021-07-01 00:00:00","delphi","140"
"2021-07-01 00:00:00","c#","5192"
"2021-07-01 00:00:00","c","1616"
"2021-07-01 00:00:00","ruby","445"
"2021-07-01 00:00:00","php","3877"
"2021-07-01 00:00:00","perl","138"
"2021-07-01 00:00:00","r","4042"
"2021-07-01 00:00:00","javascript","14728"
"2021-07-01 00:00:00","swift","1956"
"2021-07-01 00:00:00","c++","3484"
"2021-07-01 00:00:00","java","6933"
"2021-07-01 00:00:00","assembly","183"
"2021-07-01 00:00:00","go","603"
"2021-08-01 00:00:00","php","3854"
"2021-08-01 00:00:00","javascript","14584"
"2021-08-01 00:00:00","swift","1886"
"2021-08-01 00:00:00","ruby","445"
"2021-08-01 00:00:00","perl","118"
"2021-08-01 00:00:00","go","745"
"2021-08-01 00:00:00","c","1529"
"2021-08-01 00:00:00","c#","5095"
"2021-08-01 00:00:00","python","19774"
"2021-08-01 00:00:00","java","6730"
"2021-08-01 00:00:00","c++","3233"
"2021-08-01 00:00:00","r","4032"
"2021-08-01 00:00:00","delphi","136"
"2021-08-01 00:00:00","assembly","161"
"2021-09-01 00:00:00","go","620"
"2021-09-01 00:00:00","assembly","192"
"2021-09-01 00:00:00","c++","3580"
"2021-09-01 00:00:00","python","18960"
"2021-09-01 00:00:00","c#","5038"
"2021-09-01 00:00:00","java","6587"
"2021-09-01 00:00:00","delphi","134"
"2021-09-01 00:00:00","ruby","444"
"2021-09-01 00:00:00","javascript","14381"
"2021-09-01 00:00:00","c","1701"
"2021-09-01 00:00:00","swift","1616"
"2021-09-01 00:00:00","perl","112"
"2021-09-01 00:00:00","php","3686"
"2021-09-01 00:00:00","r","3898"
"2021-10-01 00:00:00","c#","5267"
"2021-10-01 00:00:00","delphi","143"
"2021-10-01 00:00:00","assembly","203"
"2021-10-01 00:00:00","c++","3705"
"2021-10-01 00:00:00","go","699"
"2021-10-01 00:00:00","java","6540"
"2021-10-01 00:00:00","c","2088"
"2021-10-01 00:00:00","swift","1562"
"2021-10-01 00:00:00","perl","127"
"2021-10-01 00:00:00","php","3570"
"2021-10-01 00:00:00","r","4171"
"2021-10-01 00:00:00","python","19741"
"2021-10-01 00:00:00","javascript","13786"
"2021-10-01 00:00:00","ruby","414"
"2021-11-01 00:00:00","python","19995"
"2021-11-01 00:00:00","c++","3798"
"2021-11-01 00:00:00","perl","77"
"2021-11-01 00:00:00","c#","5577"
"2021-11-01 00:00:00","ruby","393"
"2021-11-01 00:00:00","swift","1529"
"2021-11-01 00:00:00","java","6889"
"2021-11-01 00:00:00","r","4027"
"2021-11-01 00:00:00","go","650"
"2021-11-01 00:00:00","assembly","285"
"2021-11-01 00:00:00","javascript","13435"
"2021-11-01 00:00:00","delphi","140"
"2021-11-01 00:00:00","php","3476"
"2021-11-01 00:00:00","c","2200"
"2021-12-01 00:00:00","ruby","372"
"2021-12-01 00:00:00","python","18969"
"2021-12-01 00:00:00","php","3230"
"2021-12-01 00:00:00","assembly","266"
"2021-12-01 00:00:00","r","3537"
"2021-12-01 00:00:00","javascript","13038"
"2021-12-01 00:00:00","delphi","143"
"2021-12-01 00:00:00","c","2093"
"2021-12-01 00:00:00","go","720"
"2021-12-01 00:00:00","c#","5011"
"2021-12-01 00:00:00","c++","3556"
"2021-12-01 00:00:00","swift","1416"
"2021-12-01 00:00:00","java","6165"
"2021-12-01 00:00:00","perl","101"
"2022-01-01 00:00:00","swift","1726"
"2022-01-01 00:00:00","delphi","134"
"2022-01-01 00:00:00","assembly","228"
"2022-01-01 00:00:00","javascript","13924"
"2022-01-01 00:00:00","java","6419"
"2022-01-01 00:00:00","ruby","443"
"2022-01-01 00:00:00","python","19641"
"2022-01-01 00:00:00","c++","3603"
"2022-01-01 00:00:00","php","3373"
"2022-01-01 00:00:00","c#","5252"
"2022-01-01 00:00:00","go","739"
"2022-01-01 00:00:00","c","1950"
"2022-01-01 00:00:00","perl","126"
"2022-01-01 00:00:00","r","3841"
"2022-02-01 00:00:00","go","644"
"2022-02-01 00:00:00","ruby","404"
"2022-02-01 00:00:00","delphi","166"
"2022-02-01 00:00:00","java","5907"
"2022-02-01 00:00:00","r","3909"
"2022-02-01 00:00:00","c++","3187"
"2022-02-01 00:00:00","swift","1599"
"2022-02-01 00:00:00","perl","96"
"2022-02-01 00:00:00","assembly","213"
"2022-02-01 00:00:00","python","19209"
"2022-02-01 00:00:00","php","3104"
"2022-02-01 00:00:00","javascript","12782"
"2022-02-01 00:00:00","c","1672"
"2022-02-01 00:00:00","c#","5083"
"2022-03-01 00:00:00","assembly","233"
"2022-03-01 00:00:00","ruby","444"
"2022-03-01 00:00:00","python","20692"
"2022-03-01 00:00:00","r","4481"
"2022-03-01 00:00:00","javascript","13566"
"2022-03-01 00:00:00","go","758"
"2022-03-01 00:00:00","php","3125"
"2022-03-01 00:00:00","java","6559"
"2022-03-01 00:00:00","perl","103"
"2022-03-01 00:00:00","c","1944"
"2022-03-01 00:00:00","delphi","120"
"2022-03-01 00:00:00","c++","3497"
"2022-03-01 00:00:00","c#","5666"
"2022-03-01 00:00:00","swift","1738"
"2022-04-01 00:00:00","c#","5193"
"2022-04-01 00:00:00","python","19821"
"2022-04-01 00:00:00","go","715"
"2022-04-01 00:00:00","javascript","13461"
"2022-04-01 00:00:00","perl","100"
"2022-04-01 00:00:00","php","3176"
"2022-04-01 00:00:00","ruby","431"
"2022-04-01 00:00:00","delphi","113"
"2022-04-01 00:00:00","c","1738"
"2022-04-01 00:00:00","c++","3480"
"2022-04-01 00:00:00","java","6360"
"2022-04-01 00:00:00","swift","1448"
"2022-04-01 00:00:00","assembly","246"
"2022-04-01 00:00:00","r","4174"
"2022-05-01 00:00:00","c#","5488"
"2022-05-01 00:00:00","java","6466"
"2022-05-01 00:00:00","c","1765"
"2022-05-01 00:00:00","go","609"
"2022-05-01 00:00:00","c++","3526"
"2022-05-01 00:00:00","assembly","258"
"2022-05-01 00:00:00","delphi","119"
"2022-05-01 00:00:00","swift","1460"
"2022-05-01 00:00:00","perl","91"
"2022-05-01 00:00:00","php","3367"
"2022-05-01 00:00:00","python","19384"
"2022-05-01 00:00:00","ruby","436"
"2022-05-01 00:00:00","r","4135"
"2022-05-01 00:00:00","javascript","13299"
"2022-06-01 00:00:00","c#","5300"
"2022-06-01 00:00:00","ruby","425"
"2022-06-01 00:00:00","perl","123"
"2022-06-01 00:00:00","delphi","110"
"2022-06-01 00:00:00","javascript","12622"
"2022-06-01 00:00:00","assembly","238"
"2022-06-01 00:00:00","java","5700"
"2022-06-01 00:00:00","php","3194"
"2022-06-01 00:00:00","go","676"
"2022-06-01 00:00:00","c++","3079"
"2022-06-01 00:00:00","c","1561"
"2022-06-01 00:00:00","python","18743"
"2022-06-01 00:00:00","r","3886"
"2022-06-01 00:00:00","swift","1510"
"2022-07-01 00:00:00","perl","126"
"2022-07-01 00:00:00","ruby","404"
"2022-07-01 00:00:00","go","683"
"2022-07-01 00:00:00","javascript","12745"
"2022-07-01 00:00:00","swift","1466"
"2022-07-01 00:00:00","c","1384"
"2022-07-01 00:00:00","python","19018"
"2022-07-01 00:00:00","php","3094"
"2022-07-01 00:00:00","c++","2992"
"2022-07-01 00:00:00","java","5400"
"2022-07-01 00:00:00","assembly","203"
"2022-07-01 00:00:00","delphi","116"
"2022-07-01 00:00:00","c#","5223"
"2022-07-01 00:00:00","r","3664"
"2022-08-01 00:00:00","python","18653"
"2022-08-01 00:00:00","go","792"
"2022-08-01 00:00:00","perl","116"
"2022-08-01 00:00:00","php","3111"
"2022-08-01 00:00:00","java","5302"
"2022-08-01 00:00:00","r","3783"
"2022-08-01 00:00:00","assembly","161"
"2022-08-01 00:00:00","ruby","424"
"2022-08-01 00:00:00","c#","5483"
"2022-08-01 00:00:00","swift","1480"
"2022-08-01 00:00:00","c++","2949"
"2022-08-01 00:00:00","delphi","116"
"2022-08-01 00:00:00","c","1433"
"2022-08-01 00:00:00","javascript","13053"
"2022-09-01 00:00:00","c#","4991"
"2022-09-01 00:00:00","javascript","11881"
"2022-09-01 00:00:00","perl","82"
"2022-09-01 00:00:00","ruby","400"
"2022-09-01 00:00:00","c","1550"
"2022-09-01 00:00:00","r","3538"
"2022-09-01 00:00:00","swift","1490"
"2022-09-01 00:00:00","php","2825"
"2022-09-01 00:00:00","delphi","133"
"2022-09-01 00:00:00","c++","2774"
"2022-09-01 00:00:00","go","786"
"2022-09-01 00:00:00","assembly","173"
"2022-09-01 00:00:00","python","17058"
"2022-09-01 00:00:00","java","5036"
"2022-10-01 00:00:00","swift","1326"
"2022-10-01 00:00:00","r","3912"
"2022-10-01 00:00:00","java","5288"
"2022-10-01 00:00:00","c++","2925"
"2022-10-01 00:00:00","c#","5038"
"2022-10-01 00:00:00","python","18505"
"2022-10-01 00:00:00","ruby","373"
"2022-10-01 00:00:00","perl","81"
"2022-10-01 00:00:00","c","1891"
"2022-10-01 00:00:00","php","2761"
"2022-10-01 00:00:00","assembly","226"
"2022-10-01 00:00:00","javascript","11650"
"2022-10-01 00:00:00","delphi","137"
"2022-10-01 00:00:00","go","686"
"2022-11-01 00:00:00","java","5406"
"2022-11-01 00:00:00","r","4002"
"2022-11-01 00:00:00","ruby","414"
"2022-11-01 00:00:00","delphi","107"
"2022-11-01 00:00:00","php","2784"
"2022-11-01 00:00:00","assembly","270"
"2022-11-01 00:00:00","c++","2964"
"2022-11-01 00:00:00","go","696"
"2022-11-01 00:00:00","swift","1434"
"2022-11-01 00:00:00","c#","5175"
"2022-11-01 00:00:00","javascript","11748"
"2022-11-01 00:00:00","perl","107"
"2022-11-01 00:00:00","python","18845"
"2022-11-01 00:00:00","c","2006"
"2022-12-01 00:00:00","go","600"
"2022-12-01 00:00:00","ruby","344"
"2022-12-01 00:00:00","python","15865"
"2022-12-01 00:00:00","javascript","10289"
"2022-12-01 00:00:00","swift","1229"
"2022-12-01 00:00:00","r","3211"
"2022-12-01 00:00:00","assembly","261"
"2022-12-01 00:00:00","php","2364"
"2022-12-01 00:00:00","c#","4662"
"2022-12-01 00:00:00","java","4802"
"2022-12-01 00:00:00","c++","2612"
"2022-12-01 00:00:00","c","1725"
"2022-12-01 00:00:00","delphi","81"
"2022-12-01 00:00:00","perl","94"
"2023-01-01 00:00:00","php","2536"
"2023-01-01 00:00:00","delphi","108"
"2023-01-01 00:00:00","c#","4710"
"2023-01-01 00:00:00","r","3259"
"2023-01-01 00:00:00","c","1445"
"2023-01-01 00:00:00","java","4702"
"2023-01-01 00:00:00","assembly","231"
"2023-01-01 00:00:00","ruby","327"
"2023-01-01 00:00:00","javascript","10069"
"2023-01-01 00:00:00","swift","1206"
"2023-01-01 00:00:00","c++","2415"
"2023-01-01 00:00:00","go","689"
"2023-01-01 00:00:00","perl","72"
"2023-01-01 00:00:00","python","15025"
"2023-02-01 00:00:00","javascript","8509"
"2023-02-01 00:00:00","java","4095"
"2023-02-01 00:00:00","swift","1064"
"2023-02-01 00:00:00","assembly","172"
"2023-02-01 00:00:00","c++","2044"
"2023-02-01 00:00:00","ruby","318"
"2023-02-01 00:00:00","php","2011"
"2023-02-01 00:00:00","c","1232"
"2023-02-01 00:00:00","r","3269"
"2023-02-01 00:00:00","go","621"
"2023-02-01 00:00:00","python","13051"
"2023-02-01 00:00:00","delphi","121"
"2023-02-01 00:00:00","c#","4125"
"2023-02-01 00:00:00","perl","79"
"2023-03-01 00:00:00","python","12807"
"2023-03-01 00:00:00","php","1880"
"2023-03-01 00:00:00","swift","1132"
"2023-03-01 00:00:00","ruby","265"
"2023-03-01 00:00:00","java","4472"
"2023-03-01 00:00:00","c","1182"
"2023-03-01 00:00:00","c#","4240"
"2023-03-01 00:00:00","assembly","160"
"2023-03-01 00:00:00","c++","2336"
"2023-03-01 00:00:00","go","599"
"2023-03-01 00:00:00","delphi","124"
"2023-03-01 00:00:00","r","3299"
"2023-03-01 00:00:00","perl","95"
"2023-03-01 00:00:00","javascript","8534"
"2023-04-01 00:00:00","java","3593"
"2023-04-01 00:00:00","go","487"
"2023-04-01 00:00:00","c#","3319"
"2023-04-01 00:00:00","python","10112"
"2023-04-01 00:00:00","r","2598"
"2023-04-01 00:00:00","swift","895"
"2023-04-01 00:00:00","assembly","181"
"2023-04-01 00:00:00","javascript","6609"
"2023-04-01 00:00:00","c++","1778"
"2023-04-01 00:00:00","delphi","115"
"2023-04-01 00:00:00","php","1594"
"2023-04-01 00:00:00","perl","55"
"2023-04-01 00:00:00","c","1101"
"2023-04-01 00:00:00","ruby","199"
"2023-05-01 00:00:00","delphi","110"
"2023-05-01 00:00:00","c#","3570"
"2023-05-01 00:00:00","assembly","167"
"2023-05-01 00:00:00","php","1824"
"2023-05-01 00:00:00","python","10921"
"2023-05-01 00:00:00","swift","911"
"2023-05-01 00:00:00","ruby","244"
"2023-05-01 00:00:00","c","1020"
"2023-05-01 00:00:00","perl","54"
"2023-05-01 00:00:00","java","3839"
"2023-05-01 00:00:00","r","2654"
"2023-05-01 00:00:00","javascript","7133"
"2023-05-01 00:00:00","go","403"
"2023-05-01 00:00:00","c++","1719"
"2023-06-01 00:00:00","r","2651"
"2023-06-01 00:00:00","c#","3782"
"2023-06-01 00:00:00","php","1880"
"2023-06-01 00:00:00","perl","54"
"2023-06-01 00:00:00","c","882"
"2023-06-01 00:00:00","delphi","116"
"2023-06-01 00:00:00","java","4246"
"2023-06-01 00:00:00","swift","1120"
"2023-06-01 00:00:00","go","516"
"2023-06-01 00:00:00","c++","1799"
"2023-06-01 00:00:00","javascript","7436"
"2023-06-01 00:00:00","python","11179"
"2023-06-01 00:00:00","ruby","225"
"2023-06-01 00:00:00","assembly","154"
"2023-07-01 00:00:00","perl","68"
"2023-07-01 00:00:00","r","2357"
"2023-07-01 00:00:00","ruby","224"
"2023-07-01 00:00:00","assembly","159"
"2023-07-01 00:00:00","c","912"
"2023-07-01 00:00:00","python","11037"
"2023-07-01 00:00:00","php","1726"
"2023-07-01 00:00:00","c#","3847"
"2023-07-01 00:00:00","delphi","99"
"2023-07-01 00:00:00","swift","1141"
"2023-07-01 00:00:00","go","517"
"2023-07-01 00:00:00","javascript","7470"
"2023-07-01 00:00:00","c++","1837"
"2023-07-01 00:00:00","java","4029"
"2023-08-01 00:00:00","perl","49"
"2023-08-01 00:00:00","javascript","6721"
"2023-08-01 00:00:00","swift","964"
"2023-08-01 00:00:00","ruby","201"
"2023-08-01 00:00:00","assembly","143"
"2023-08-01 00:00:00","java","3796"
"2023-08-01 00:00:00","c","859"
"2023-08-01 00:00:00","delphi","106"
"2023-08-01 00:00:00","r","2352"
"2023-08-01 00:00:00","c#","3628"
"2023-08-01 00:00:00","php","1746"
"2023-08-01 00:00:00","c++","1655"
"2023-08-01 00:00:00","python","10171"
"2023-08-01 00:00:00","go","490"
"2023-09-01 00:00:00","perl","60"
"2023-09-01 00:00:00","c#","3032"
"2023-09-01 00:00:00","c","868"
"2023-09-01 00:00:00","php","1660"
"2023-09-01 00:00:00","c++","1478"
"2023-09-01 00:00:00","r","2028"
"2023-09-01 00:00:00","java","3310"
"2023-09-01 00:00:00","python","8582"
"2023-09-01 00:00:00","go","424"
"2023-09-01 00:00:00","ruby","191"
"2023-09-01 00:00:00","javascript","5659"
"2023-09-01 00:00:00","swift","856"
"2023-09-01 00:00:00","delphi","105"
"2023-09-01 00:00:00","assembly","155"
"2023-10-01 00:00:00","go","419"
"2023-10-01 00:00:00","r","2057"
"2023-10-01 00:00:00","python","8918"
"2023-10-01 00:00:00","c","966"
"2023-10-01 00:00:00","delphi","164"
"2023-10-01 00:00:00","perl","53"
"2023-10-01 00:00:00","swift","889"
"2023-10-01 00:00:00","php","1509"
"2023-10-01 00:00:00","c#","3160"
"2023-10-01 00:00:00","java","3391"
"2023-10-01 00:00:00","ruby","191"
"2023-10-01 00:00:00","c++","1700"
"2023-10-01 00:00:00","assembly","172"
"2023-10-01 00:00:00","javascript","5402"
"2023-11-01 00:00:00","delphi","103"
"2023-11-01 00:00:00","c++","1461"
"2023-11-01 00:00:00","r","1990"
"2023-11-01 00:00:00","ruby","152"
"2023-11-01 00:00:00","assembly","171"
"2023-11-01 00:00:00","python","8422"
"2023-11-01 00:00:00","php","1390"
"2023-11-01 00:00:00","c","955"
"2023-11-01 00:00:00","go","408"
"2023-11-01 00:00:00","swift","861"
"2023-11-01 00:00:00","c#","3097"
"2023-11-01 00:00:00","java","3264"
"2023-11-01 00:00:00","javascript","5157"
"2023-11-01 00:00:00","perl","44"
"2023-12-01 00:00:00","swift","737"
"2023-12-01 00:00:00","delphi","75"
"2023-12-01 00:00:00","assembly","180"
"2023-12-01 00:00:00","go","327"
"2023-12-01 00:00:00","c++","1420"
"2023-12-01 00:00:00","ruby","154"
"2023-12-01 00:00:00","php","1201"
"2023-12-01 00:00:00","c#","2639"
"2023-12-01 00:00:00","java","2529"
"2023-12-01 00:00:00","c","870"
"2023-12-01 00:00:00","python","6978"
"2023-12-01 00:00:00","perl","53"
"2023-12-01 00:00:00","r","1602"
"2023-12-01 00:00:00","javascript","4741"
"2024-01-01 00:00:00","go","345"
"2024-01-01 00:00:00","ruby","163"
"2024-01-01 00:00:00","python","7721"
"2024-01-01 00:00:00","assembly","176"
"2024-01-01 00:00:00","c#","2680"
"2024-01-01 00:00:00","swift","863"
"2024-01-01 00:00:00","java","2859"
"2024-01-01 00:00:00","c++","1577"
"2024-01-01 00:00:00","php","1389"
"2024-01-01 00:00:00","r","1803"
"2024-01-01 00:00:00","delphi","89"
"2024-01-01 00:00:00","javascript","5106"
"2024-01-01 00:00:00","c","823"
"2024-01-01 00:00:00","perl","34"
"2024-02-01 00:00:00","perl","36"
"2024-02-01 00:00:00","c","770"
"2024-02-01 00:00:00","delphi","110"
"2024-02-01 00:00:00","python","7813"
"2024-02-01 00:00:00","c#","2700"
"2024-02-01 00:00:00","swift","668"
"2024-02-01 00:00:00","php","1300"
"2024-02-01 00:00:00","javascript","4742"
"2024-02-01 00:00:00","c++","1440"
"2024-02-01 00:00:00","go","305"
"2024-02-01 00:00:00","assembly","133"
"2024-02-01 00:00:00","ruby","157"
"2024-02-01 00:00:00","r","1825"
"2024-02-01 00:00:00","java","2780"
"2024-03-01 00:00:00","c#","2600"
"2024-03-01 00:00:00","swift","727"
"2024-03-01 00:00:00","php","1374"
"2024-03-01 00:00:00","delphi","99"
"2024-03-01 00:00:00","perl","47"
"2024-03-01 00:00:00","ruby","139"
"2024-03-01 00:00:00","c++","1350"
"2024-03-01 00:00:00","javascript","4750"
"2024-03-01 00:00:00","c","743"
"2024-03-01 00:00:00","r","1695"
"2024-03-01 00:00:00","assembly","138"
"2024-03-01 00:00:00","java","2840"
"2024-03-01 00:00:00","go","329"
"2024-03-01 00:00:00","python","7405"
"2024-04-01 00:00:00","assembly","204"
"2024-04-01 00:00:00","javascript","4637"
"2024-04-01 00:00:00","java","2986"
"2024-04-01 00:00:00","perl","29"
"2024-04-01 00:00:00","c","775"
"2024-04-01 00:00:00","c++","1481"
"2024-04-01 00:00:00","c#","2890"
"2024-04-01 00:00:00","python","8055"
"2024-04-01 00:00:00","swift","765"
"2024-04-01 00:00:00","go","337"
"2024-04-01 00:00:00","r","1592"
"2024-04-01 00:00:00","delphi","111"
"2024-04-01 00:00:00","php","1353"
"2024-04-01 00:00:00","ruby","118"